x,y,z,i,j,k
1.7442048,-0.7901268,0.165357,0,1,2
1.7704158,-0.82218,0.1517988,1,3,4
1.7415312,-0.8366928,0.128718,5,6,2
1.795629,-0.86583102,0.1338666,6,7,8
1.772103,-0.87722508,0.1233246,7,9,10
1.7115648,-0.8787882,0.1313334,1,0,11
1.6998534,-0.84822414,0.1377636,9,7,12
1.685304,-0.8079162,0.1607154,12,7,6
1.713099,-0.7994076,0.1561212,6,5,13
1.6747956,-0.7822242,0.1729956,14,15,16
1.6969068,-0.7690314,0.1682718,13,5,17
1.7582388,-0.7914072,0.1864368,15,12,18
1.6691598,-0.8250948,0.1709694,12,13,19
1.6835082,-0.8603376,0.1561872,20,21,22
1.6550526,-0.7673862,0.203205,18,23,20
1.6630104,-0.796578,0.1816044,18,19,24
1.6606038,-0.8099346,0.2211954,19,17,25
1.725705,-0.88623354,0.2074398,17,26,27
1.6623864,-0.8387052,0.2163264,28,29,3
1.6873464,-0.87598992,0.2086698,28,30,31
1.6862436,-0.8104398,0.2676234,28,11,32
1.6785072,-0.7664052,0.2572872,30,33,34
1.653627,-0.7773576,0.2292942,30,32,35
1.6893114,-0.84651294,0.2645106,20,36,37
1.7055564,-0.86994906,0.2680044,23,38,36
1.738302,-0.87689448,0.2645898,38,35,39
1.757181,-0.88595844,0.2023218,38,23,24
1.769403,-0.87580476,0.2561574,25,38,24
1.77921,-0.820974,0.1740108,35,38,33
1.8071394,-0.8537625,0.1494132,25,27,38
1.791321,-0.8246952,0.1965582,33,38,27
1.8212658,-0.86628594,0.1803744,34,27,26
1.7673558,-0.7897146,0.2140668,5,4,26
1.7866506,-0.8228838,0.2380086,3,29,31
1.8047574,-0.85955208,0.2383206,40,41,42
1.7672346,-0.7958106,0.2320704,41,43,44
1.7204946,-0.7923648,0.271485,45,46,42
1.7043264,-0.7420806,0.259869,46,47,48
1.733391,-0.8276706,0.2709378,47,49,50
1.7544198,-0.7742364,0.2383344,41,40,51
0.423174,-0.8038908,0.127773,49,47,52
0.452058,-0.835944,0.1142154,52,47,46
0.420228,-0.85045902,0.0911364,46,45,53
0.479844,-0.8795949,0.0962826,54,55,56
0.453924,-0.8909916,0.0857412,53,45,57
0.387204,-0.89255478,0.0937494,55,52,58
0.374292,-0.86199072,0.100179,52,53,59
0.35826,-0.8216832,0.1231338,60,61,62
0.38889,-0.8131746,0.1185372,58,63,60
0.34668,-0.7959906,0.1354116,58,59,64
0.371046,-0.7827984,0.1306878,59,57,65
0.438642,-0.8051712,0.1488528,57,66,67
0.34047,-0.8388588,0.1333854,68,69,43
0.35628,-0.87410418,0.1186032,68,70,71
0.324924,-0.7811532,0.165624,68,51,72
0.33369,-0.810342,0.1440204,70,73,74
0.331038,-0.8236986,0.1836114,70,72,75
0.402786,-0.9,0.1698558,60,76,77
0.333,-0.85247178,0.1787424,63,78,76
0.36051,-0.88975386,0.1710852,78,75,79
0.359298,-0.8242038,0.2300394,78,63,64
0.350772,-0.7801716,0.2197032,65,78,64
0.323352,-0.791124,0.1917126,75,78,73
0.362676,-0.86027676,0.2269266,65,67,78
0.38058,-0.88371564,0.2304204,73,78,67
0.416664,-0.89066106,0.2270082,74,67,66
0.437472,-0.899724986,0.1647402,45,44,66
0.450942,-0.8895687,0.218574,43,69,71
0.461754,-0.8347404,0.1364298,80,81,82
0.492534,-0.86752908,0.1118292,83,80,84
0.475098,-0.8384592,0.1589742,85,86,87
0.508098,-0.88004976,0.1427904,88,85,84
0.448686,-0.8034786,0.1764834,89,88,82
0.46995,-0.8366502,0.2004246,81,80,90
0.489906,-0.8733186,0.2007366,88,89,91
0.448554,-0.8095746,0.19449,88,92,93
0.397038,-0.8061282,0.2339034,93,86,85
0.379224,-0.7558446,0.2222874,86,93,94
0.411252,-0.84143742,0.2333538,92,91,95
0.43443,-0.7880004,0.2007504,93,92,96
1.7704182,-0.82218,0.7481946,97,98,95
1.7442072,-0.7901268,0.7346382,99,96,95
1.7131014,-0.7994076,0.743874,94,96,99
1.7956314,-0.86583102,0.7661274,100,94,101
1.7415336,-0.8366928,0.7712772,102,100,103
1.6998558,-0.84822414,0.7622316,104,90,80
1.7115672,-0.8787882,0.7686612,105,90,104
1.7721054,-0.87722508,0.7766694,106,90,105
1.6853064,-0.8079162,0.7392798,107,105,108
1.674798,-0.7822242,0.7269996,109,105,107
1.7792124,-0.820974,0.7259832,110,98,97
1.6630128,-0.796578,0.7183908,111,99,98
1.6691622,-0.8250948,0.7290258,112,111,110
1.6835106,-0.8603376,0.743808,101,99,111
1.6873482,-0.87598992,0.6913254,101,111,103
1.660605,-0.8099346,0.6787998,107,111,112
1.6623882,-0.8387052,0.6836688,111,113,103
1.6785084,-0.7664052,0.6427074,111,107,114
1.6862448,-0.8104398,0.6323718,113,114,108
1.6893126,-0.84651294,0.6354846,87,86,100
1.7257068,-0.88623354,0.6925554,83,87,102
1.7055576,-0.86994906,0.6319908,115,116,117
1.7571828,-0.88595844,0.6976734,118,115,119
1.7383032,-0.87689448,0.6354054,120,121,122
1.8071418,-0.8537625,0.7505808,123,120,119
1.7913228,-0.8246952,0.7034358,124,123,117
1.7582412,-0.7914072,0.7135584,116,115,125
1.7866518,-0.8228838,0.6619854,123,124,126
1.8212682,-0.86628594,0.7196196,123,127,128
1.7673576,-0.7897146,0.6859272,128,121,120
1.7204958,-0.7923648,0.6285102,121,128,129
1.7333922,-0.8276706,0.6290574,127,126,130
1.7672358,-0.7958106,0.667923,128,127,131
1.7694042,-0.87580476,0.6438366,132,133,130
1.8047586,-0.85955208,0.6616734,134,131,130
0.452064,-0.835944,0.7857888,129,131,134
0.42318,-0.8038908,0.7722318,135,129,136
0.388896,-0.8131746,0.7814676,137,135,138
0.47985,-0.8795949,0.803721,139,125,115
0.420234,-0.85045902,0.8088684,140,125,139
0.374298,-0.86199072,0.7998252,141,125,140
0.38721,-0.89255478,0.8062554,142,140,143
0.45393,-0.8909916,0.8142636,144,140,142
0.358266,-0.8216832,0.7768704,145,133,132
0.346686,-0.7959906,0.7645932,146,134,133
0.46176,-0.8347404,0.763575,147,146,145
0.333696,-0.810342,0.7559844,136,134,146
0.340476,-0.8388588,0.7666194,136,146,138
0.356286,-0.87410418,0.781401,142,146,147
0.360516,-0.88975386,0.728919,146,148,138
0.331044,-0.8236986,0.7163934,146,142,149
0.333006,-0.85247178,0.7212624,148,149,143
0.350778,-0.7801716,0.6803016,122,121,135
0.359304,-0.8242038,0.6699654,118,122,137
0.362682,-0.86027676,0.6730782,2,8,0
0.402792,-0.9,0.730149,4,2,1
0.380586,-0.88371564,0.6695844,2,4,5
0.437478,-0.899724986,0.7352646,8,2,6
0.41667,-0.89066106,0.672996,10,8,7
0.49254,-0.86752908,0.7881744,11,28,1
0.475104,-0.8384592,0.7410294,12,15,9
0.438648,-0.8051712,0.751152,6,13,12
0.469956,-0.8366502,0.699579,16,22,14
0.508104,-0.88004976,0.7572132,17,19,13
0.448692,-0.8034786,0.7235214,18,16,15
0.397044,-0.8061282,0.6661008,19,18,12
0.411258,-0.84143742,0.666651,22,16,20
0.44856,-0.8095746,0.7055148,20,16,18
0.450948,-0.8895687,0.6814308,24,23,18
0.489912,-0.8733186,0.699267,25,24,19
1.6536282,-0.7773576,0.670701,27,25,17
0.323358,-0.791124,0.7082922,3,1,28
2.486052,0.578376,0.2933496,31,29,28
2.485962,0.566574,0.2898186,32,30,28
2.478582,0.569184,0.2877558,34,31,30
2.49879,0.568278,0.3212634,35,33,30
2.490846,0.57084,0.2949972,37,21,20
2.493624,0.557412,0.3081798,36,20,23
2.478768,0.553842,0.2960262,39,36,38
2.459298,0.561756,0.2899722,27,34,33
2.451936,0.576858,0.284331,26,31,34
2.471256,0.576846,0.283881,26,17,5
2.461686,0.591354,0.2855076,31,26,4
2.491182,0.589014,0.3088986,31,4,3
2.478558,0.579078,0.2863194,42,48,40
2.735238,0.374766,0.4064328,44,42,41
2.75205,0.368022,0.40050816,42,44,45
2.73954,0.357618,0.3827616,48,42,46
2.719896,0.363858,0.3692778,50,48,47
2.720634,0.385134,0.40050036,51,68,41
2.702844,0.386172,0.3645594,52,55,49
2.700558,0.40044,0.3683838,46,53,52
2.710782,0.395412,0.39445158,56,62,54
2.705574,0.416748,0.374724,57,59,53
2.722566,0.40884,0.3808362,58,56,55
2.744652,0.388188,0.39296772,59,58,52
2.723046,0.37761,0.40210842,62,56,60
2.762268,0.387762,0.42160626,60,56,58
2.48124,0.595158,0.2950848,64,63,58
2.490852,0.57084,0.6049914,65,64,59
2.478564,0.579078,0.6136692,67,65,57
2.471262,0.576846,0.6161082,43,41,68
2.498796,0.568278,0.5787252,71,69,68
2.491188,0.589014,0.59109,72,70,68
2.49363,0.557412,0.5918094,74,71,70
2.478774,0.553842,0.6039624,75,73,70
2.485968,0.566574,0.61017,77,61,60
2.478588,0.569184,0.6122334,76,60,63
2.459304,0.561756,0.610017,79,76,78
2.461692,0.591354,0.6144816,67,74,73
2.451942,0.576858,0.6156582,66,71,74
2.486058,0.578376,0.6066396,66,57,45
2.481246,0.595158,0.6049044,71,66,44
2.739546,0.357618,0.5172264,71,44,43
2.735244,0.374766,0.49355466,82,84,80
2.723052,0.37761,0.49787898,84,87,83
2.70285,0.386172,0.5354286,87,84,85
2.72064,0.385134,0.49948704,84,82,88
2.710788,0.395412,0.50553594,90,106,81
2.70558,0.416748,0.525264,91,92,88
2.700564,0.40044,0.5316036,93,85,88
2.722572,0.40884,0.5191518,150,95,91
2.744658,0.388188,0.50701956,94,100,86
2.719902,0.363858,0.5307102,95,96,92
1.7821782,-0.168642,0.2166138,96,94,93
1.8133662,-0.14382,0.2275374,95,150,97
1.8125568,-0.195918,0.2370618,95,98,99
1.8474396,-0.130542,0.251505,99,101,94
1.8424728,-0.190584,0.2544222,101,103,100
1.8734814,-0.141228,0.2815086,103,113,102
1.8818442,-0.1842,0.3026328,80,83,104
1.8408198,-0.223092,0.2631078,104,108,105
1.8070452,-0.233238,0.248625,105,109,106
1.7524416,-0.237072,0.2326398,108,114,107
1.7654886,-0.20061,0.2217906,107,112,109
1.7985336,-0.253782,0.255549,98,110,111
1.7466306,-0.257982,0.2426562,114,113,111
1.7891442,-0.28032,0.27177,108,102,113
1.7382174,-0.289866,0.2593002,100,102,87
1.7774406,-0.3171906,0.2999352,102,108,104
1.8335118,-0.275262,0.283947,102,104,83
1.8257148,-0.3085872,0.3072084,117,119,115
1.8501192,-0.291198,0.3084546,119,122,118
1.8682734,-0.264852,0.3124002,122,119,120
1.839939,-0.244536,0.2706594,119,117,123
1.8821034,-0.231198,0.306111,125,141,116
1.8928044,-0.157602,0.3091602,126,127,123
1.9316712,-0.184194,0.3465294,128,120,123
1.9052964,-0.228978,0.3252438,151,130,126
1.9289466,-0.229992,0.3435942,129,135,121
1.9174074,-0.27021,0.3340644,130,131,127
1.9007844,-0.29226,0.327381,131,129,128
1.8801912,-0.3190422,0.3235326,130,151,132
1.841124,-0.3366516,0.322176,130,133,134
1.8165216,-0.3376698,0.3192954,134,136,129
1.7708634,-0.3328536,0.309483,136,138,135
1.725882,-0.327741,0.276759,138,148,137
1.9587684,-0.187152,0.3746862,115,118,139
1.9504818,-0.230964,0.3674634,139,143,140
1.941042,-0.282456,0.3621738,140,144,141
1.9228608,-0.3102534,0.3561018,143,149,142
1.8955608,-0.3401826,0.3541524,142,147,144
1.8490428,-0.3594582,0.347823,133,145,146
1.8097266,-0.3594426,0.3468552,149,148,146
1.7692314,-0.3572052,0.335967,143,137,148
1.7175768,-0.3564642,0.302988,135,137,122
1.961622,-0.191874,0.449996532,137,143,139
1.9512672,-0.236832,0.449996568,137,139,118
1.941873,-0.287058,0.449996604,152,153,154
1.9220736,-0.3166752,0.449996676,155,156,152
1.8918132,-0.3424146,0.44999679,155,157,153
1.8461262,-0.365748,0.449996958,153,157,158
1.7969208,-0.367737,0.449997138,153,158,159
1.7490438,-0.3602598,0.449997318,154,159,160
1.6837866,-0.352608,0.449997558,161,160,162
1.9378602,-0.068484,0.3119424,163,152,164
1.8995436,-0.029628,0.2756076,165,166,167
1.9257912,0.000822,0.297153,165,167,168
1.9657212,-0.047418,0.3365424,169,170,171
1.9457154,-0.106914,0.3359526,172,171,173
1.9231728,-0.08817,0.3038418,172,173,174
1.8868302,-0.074928,0.2720028,174,175,169
1.8760494,-0.099798,0.2729286,169,175,176
1.8683634,-0.08328,0.2369556,177,165,176
1.9674858,-0.125424,0.3593832,177,166,165
1.981404,-0.14112,0.3807696,170,169,176
1.986654,-0.14667,0.449996436,162,178,164
1.997754,-0.120816,0.380013,179,180,181
2.000562,-0.12423,0.449996388,179,182,183
1.983372,-0.099306,0.363528,184,182,179
0.9237396,-0.346932,0.2121798,185,184,186
1.0343184,-0.3654594,0.2065242,185,186,187
0.9959946,-0.4057512,0.2333646,188,187,181
1.0266666,-0.411324,0.237567,189,190,181
1.0640124,-0.4012206,0.2322162,191,183,192
1.1591904,-0.3567396,0.2211972,193,194,195
1.1551014,-0.3845766,0.2383494,196,197,198
1.1509596,-0.4059528,0.3027012,199,200,198
1.0322214,-0.4168998,0.3008742,201,199,198
1.1460588,-0.4158708,0.3486162,202,201,198
1.3054068,-0.3413808,0.2721606,195,202,197
1.302873,-0.369567,0.343686,197,196,203
1.293963,-0.3805248,0.449998998,192,189,181
1.1348316,-0.4216098,0.449999586,154,161,164
1.6303284,-0.6721266,0.2061936,154,164,152
1.6443726,-0.6704232,0.199767,152,156,153
1.6536156,-0.7182186,0.1897272,152,163,155
1.6733472,-0.660957,0.2145516,153,156,155
1.694421,-0.6555666,0.2117244,159,154,153
1.7104806,-0.7002306,0.1999098,160,161,154
1.7032632,-0.655617,0.231915,164,178,163
1.7200368,-0.7016988,0.226713,168,176,165
1.6346256,-0.722487,0.189108,171,172,169
1.6347606,-0.737523,0.1927182,169,172,174
1.6525632,-0.7552146,0.1956012,176,175,177
1.631235,-0.7624272,0.1910364,176,168,170
1.7348718,-0.7346454,0.2247474,164,161,162
1.7290398,-0.7400916,0.199521,181,187,186
1.6647006,-0.7122726,0.1863126,181,186,179
1.6600434,-0.661719,0.2110842,179,191,180
1.627911,-0.766728,0.2363082,183,191,179
1.636554,-0.7617108,0.264672,179,186,184
1.6455918,-0.7262454,0.2628522,187,188,185
1.6351182,-0.6637212,0.2551056,181,190,188
1.6256946,-0.6772362,0.2319948,192,180,191
1.627059,-0.7332648,0.2297778,195,203,193
1.6997028,-0.7431222,0.1949688,198,200,196
1.6815012,-0.703944,0.1987038,198,197,202
1.6780038,-0.749571,0.187008,202,195,194
1.666515,-0.7535244,0.1891794,203,195,197
1.7051856,-0.6912354,0.2483214,181,180,192
1.724319,-0.7370262,0.242997,204,205,206
1.6671318,-0.7184778,0.2727942,205,207,208
1.6904514,-0.6989028,0.2640318,208,207,209
1.6742328,-0.6586218,0.2643282,210,211,208
1.662852,-0.6564,0.2627382,211,212,206
1.697595,-0.659796,0.245682,212,213,214
0.4527,-0.3924264,0.2517486,212,215,216
0.425466,-0.4119432,0.206262,215,217,218
0.465138,-0.3453108,0.1886766,218,217,219
0.404004,-0.4416846,0.1842834,217,220,221
0.444528,-0.3509604,0.1632168,221,220,222
0.379506,-0.4364766,0.1634286,222,220,223
0.41874,-0.3471864,0.1545336,220,224,225
0.351324,-0.4318194,0.1569432,220,217,215
0.394284,-0.3339462,0.1514472,212,211,224
0.320874,-0.4231998,0.1622862,211,210,225
0.365694,-0.3190608,0.161466,210,209,226
0.25266,-0.4036596,0.2111454,225,227,228
0.250542,-0.4040982,0.24834,228,223,225
0.279972,-0.3310872,0.2720406,229,230,223
0.293544,-0.299256,0.2583588,229,228,227
0.29781,-0.299082,0.2156652,223,230,231
0.285594,-0.3308592,0.215118,231,232,222
0.33942,-0.6141798,0.170067,232,233,221
0.335364,-0.5408616,0.1729314,221,233,234
0.36429,-0.5358444,0.1762404,234,235,219
0.337566,-0.4961292,0.1652034,235,236,218
0.369708,-0.4960206,0.1687212,237,238,229
0.327528,-0.4943226,0.1666392,238,239,230
0.315864,-0.6162084,0.1792662,239,240,231
0.30786,-0.5477094,0.185019,240,241,232
0.29577,-0.4870548,0.1841064,241,242,233
0.287712,-0.4172484,0.1919646,242,243,234
0.290538,-0.6187422,0.1973628,243,244,235
0.279408,-0.54786,0.198648,244,245,236
0.262854,-0.4874754,0.2035092,246,247,238
0.361578,-0.613545,0.17313,247,248,239
0.380418,-0.5386242,0.1896738,248,249,240
0.390414,-0.4929288,0.1900542,249,250,241
0.410844,-0.4540152,0.2177514,250,251,242
0.387372,-0.5047728,0.2229804,251,252,243
0.374298,-0.5493384,0.2161092,252,253,244
0.370068,-0.6021456,0.211761,253,254,245
0.376356,-0.6051504,0.1910304,255,256,257
0.39186,-0.4613994,0.2446098,257,258,255
0.371712,-0.5083482,0.2362416,255,258,259
0.350454,-0.5087532,0.2472918,259,260,255
0.344304,-0.5552682,0.230481,255,260,261
0.364932,-0.4546284,0.2596992,209,207,262
0.326586,-0.427458,0.2646714,262,207,263
0.315396,-0.503355,0.248805,263,261,262
0.32001,-0.5557182,0.2329674,260,259,226
0.318774,-0.6139392,0.223533,226,259,227
0.34728,-0.6068508,0.2255484,227,259,264
0.281556,-0.4215834,0.2656482,265,237,227
0.2706,-0.4857504,0.2453166,265,266,246
0.292602,-0.5538162,0.2311218,265,267,268
0.303606,-0.6122334,0.2221056,227,225,210
0.25974,-0.4881546,0.226599,226,227,210
0.273408,-0.5612112,0.2210076,262,261,260
0.283992,-0.6175602,0.2106984,209,262,260
0.291918,-0.3437718,0.206244,269,264,259
1.686513,-0.5896254,0.213351,269,267,265
1.700949,-0.525561,0.2137716,270,271,272
1.711317,-0.5186898,0.235425,272,271,273
1.7082936,-0.4807542,0.20904,273,271,274
1.7174448,-0.4802862,0.2345178,271,275,276
1.7105394,-0.4023024,0.2087622,276,277,278
1.7188758,-0.397806,0.2318358,278,273,274
1.7143608,-0.3556974,0.1941996,278,277,279
1.7206584,-0.351003,0.2228142,277,280,281
1.6354356,-0.5953062,0.2071116,282,283,279
1.6282362,-0.5390262,0.197598,284,285,286
1.6199262,-0.6027438,0.2141418,287,288,289
1.6307802,-0.4949466,0.1930884,288,290,291
1.6119414,-0.5410866,0.204192,292,286,293
1.6300182,-0.4166484,0.1844292,293,294,295
1.6056198,-0.4901148,0.1951938,295,294,14
1.6123428,-0.373365,0.1714008,291,296,297
1.591887,-0.421425,0.1892622,298,299,287
1.613832,-0.6048042,0.2266992,285,299,298
1.5954162,-0.5394282,0.2169936,293,295,300
1.5803376,-0.491379,0.2153058,295,14,22
1.5836274,-0.3727644,0.1817586,300,22,21
1.574892,-0.416397,0.2028726,300,301,302
1.6158288,-0.5955576,0.2408496,303,304,305
1.5993756,-0.5376774,0.241662,297,306,307
1.5842466,-0.4883742,0.241998,308,298,307
1.5674622,-0.371844,0.1978236,308,309,286
1.5656796,-0.4191396,0.2385198,294,309,14
1.6403868,-0.5850918,0.263421,286,309,294
1.6195584,-0.5299596,0.26583,293,305,292
1.6105158,-0.4872792,0.2676156,291,310,311
1.5598452,-0.35511,0.2641278,301,21,312
1.5981744,-0.3935058,0.2689146,301,312,302
1.6926384,-0.589281,0.2303178,37,313,312
1.6881684,-0.3679536,0.1784124,311,310,313
1.6894272,-0.4034052,0.1861854,313,314,315
1.6688772,-0.5913228,0.2025438,313,310,316
1.6833096,-0.4891518,0.185175,312,315,303
1.6522302,-0.5952192,0.201753,317,318,319
1.6532346,-0.3564594,0.161919,318,320,321
1.6569168,-0.4027494,0.1792716,320,322,323
1.6623066,-0.4959252,0.1859472,322,324,325
1.6567632,-0.5500338,0.193803,324,326,327
1.6800642,-0.5416872,0.1947972,328,329,330
1.6310928,-0.3586356,0.2907954,331,332,333
1.5990054,-0.360048,0.2851728,334,335,336
1.6361496,-0.3823446,0.2743518,335,337,338
1.6380912,-0.4848828,0.2810328,337,324,322
1.6908822,-0.5842536,0.2562372,335,339,337
1.6595118,-0.5932776,0.2718738,339,326,324
1.684167,-0.5087136,0.266793,340,341,335
1.6447902,-0.5279334,0.2794194,341,342,339
1.6950852,-0.3582786,0.2879046,342,343,326
1.7026866,-0.4004802,0.2773488,344,345,341
1.6903374,-0.4711962,0.2720724,345,346,342
1.7421954,-0.2646,0.2010498,346,328,343
1.7311632,-0.271308,0.170763,347,336,348
1.7343348,-0.3022338,0.2128668,336,338,349
1.6960206,-0.262884,0.1448544,338,322,320
1.7237256,-0.31101,0.1838736,350,320,318
1.653309,-0.273534,0.141786,350,351,349
1.6980096,-0.3266382,0.1672746,351,352,348
1.5994884,-0.271932,0.1481076,352,353,354
1.6524072,-0.3256494,0.1513182,355,356,351
1.5719184,-0.27744,0.162168,351,356,352
1.6023132,-0.3310074,0.1591338,356,357,358
1.554288,-0.282204,0.1789206,359,357,356
1.5770016,-0.3223644,0.1673892,360,361,357
1.532442,-0.27714,0.2264544,361,362,358
1.5606354,-0.3163284,0.1917084,362,363,364
1.7517612,-0.236334,0.1922766,330,329,365
1.7441202,-0.2298,0.1682112,365,366,361
1.7113608,-0.222282,0.1398948,366,367,362
1.6622196,-0.225606,0.1322406,367,368,363
1.6111524,-0.225666,0.139551,329,369,366
1.579041,-0.23568,0.1478886,369,370,367
1.5563034,-0.241692,0.1595736,370,371,368
1.522563,-0.238596,0.208035,346,345,370
1.763568,-0.191256,0.1817712,345,344,371
1.6083276,-0.193338,0.1365888,328,346,369
1.6698264,-0.181548,0.1307808,328,333,372
1.7202186,-0.18435,0.1422624,373,374,375
1.7467728,-0.190848,0.1554522,374,376,377
1.5537774,-0.19902,0.1500942,376,378,379
1.5821172,-0.198804,0.1364232,378,380,381
1.971723,0.58341,0.44094576,382,285,284
1.9654464,0.586338,0.449996514,383,382,384
2.034756,0.610314,0.449996262,385,383,386
1.9789326,0.56817,0.40507608,387,385,388
2.031198,0.606576,0.43083954,389,387,390
1.984752,0.53097,0.3713538,386,384,391
2.036022,0.597888,0.41079672,388,386,392
1.992234,0.493854,0.3603726,390,388,393
2.0424,0.554892,0.3721656,394,390,395
1.99983,0.456666,0.3494304,392,391,396
2.058588,0.524514,0.3600156,393,392,397
2.012472,0.381972,0.327687,395,393,398
2.069088,0.481902,0.3439956,399,395,400
2.01948,0.301968,0.3177216,397,396,401
2.094522,0.423276,0.329745,398,397,402
2.043552,0.197046,0.317904,400,398,403
2.109078,0.342336,0.3205452,404,400,405
2.05443,0.132486,0.3268116,406,290,288
2.117268,0.248808,0.3303048,373,288,287
2.06454,0.10572,0.3408456,407,380,378
2.133204,0.186798,0.346386,408,378,376
2.069502,0.08145,0.3560082,374,373,409
2.138904,0.169716,0.3541986,410,376,374
2.085408,0.040104,0.3820206,382,411,299
2.147766,0.151566,0.3685764,409,287,299
2.10552,0.029712,0.40038096,389,412,413
2.154552,0.132246,0.3863178,387,413,414
2.09787,0.024474,0.449996028,385,414,415
2.164242,0.11004,0.40322928,383,415,411
2.16162,0.672492,0.41030958,412,407,408
2.090526,0.631032,0.42284388,413,408,410
2.08965,0.63585,0.449996058,414,410,416
2.26728,0.231756,0.449995398,415,416,409
2.215092,0.170832,0.449995596,401,396,303
2.222064,0.176316,0.39773568,417,418,405
2.265762,0.22782,0.4009437,419,405,403
2.20461,0.18765,0.3845724,420,403,402
2.19726,0.210228,0.3674868,391,304,303
2.261622,0.239838,0.3706494,290,316,310
2.19396,0.237684,0.3475866,314,316,421
2.251848,0.273252,0.3439872,422,421,423
2.187024,0.287568,0.32793,401,315,314
2.244816,0.336948,0.318567,424,402,401
2.16708,0.375348,0.3128172,421,316,290
2.230758,0.405198,0.3072948,425,417,419
2.14149,0.449088,0.3234072,426,419,420
2.203662,0.471942,0.3164748,381,425,426
2.1255,0.511866,0.3410298,379,426,427
2.202588,0.528618,0.3240102,377,427,423
2.11245,0.551034,0.3478062,375,423,421
2.18484,0.582564,0.3328284,428,216,218
2.096112,0.585168,0.3660264,429,428,430
2.169852,0.645582,0.3645534,431,429,432
2.09103,0.618294,0.40229058,433,431,434
2.166534,0.661272,0.3860088,435,433,436
2.059812,-0.039792,0.39674178,437,435,438
2.057976,-0.037434,0.449996172,439,437,440
1.7946492,0.54006,0.44999715,441,439,442
1.8961878,0.564168,0.449996772,443,213,216
1.8941274,0.54549,0.40563972,444,443,428
1.800333,0.529206,0.39641478,445,444,429
1.9000572,0.508224,0.3719604,446,445,431
1.8124674,0.497118,0.3596802,447,446,433
1.909986,0.468918,0.3566784,448,447,435
1.842105,0.454956,0.33813,449,448,437
1.920483,0.4263,0.3406584,450,449,439
1.8513198,0.401622,0.31449,236,245,425
1.9307772,0.351282,0.3191688,389,438,436
1.8734286,0.331002,0.296169,412,436,434
1.9556652,0.269136,0.31377,407,434,432
1.9026486,0.250326,0.2871606,380,432,430
1.985472,0.16701,0.298131,430,218,236
1.9425336,0.133866,0.2777364,443,451,214
1.9194624,0.186018,0.2761128,447,452,453
2.005368,0.107238,0.3072,446,453,454
1.948122,0.084396,0.2800746,445,454,455
2.013258,0.067584,0.3290574,444,455,451
1.9568922,0.028176,0.3123312,442,399,404
2.022096,0.021288,0.349452,456,449,450
2.04507,-0.017598,0.376911,438,389,394
2.162844,0.111246,0.449995788,440,394,399
1.884534,0.243762,0.259416,452,447,448
1.9040292,0.167964,0.261381,457,448,449
1.9139532,0.119922,0.2600268,458,459,460
1.901607,0.027606,0.2600214,461,458,462
1.9139478,0.073668,0.2602302,463,461,464
1.8408198,0.323448,0.271593,465,463,466
1.8325548,0.325812,0.2642136,467,465,468
1.8096606,0.390504,0.2919078,469,467,470
1.8485448,-0.082998,0.2021256,471,469,472
1.8620658,-0.049914,0.190467,473,471,474
1.8874782,-0.0354,0.2332926,475,473,476
1.8654852,0.00687,0.1923288,477,475,478
1.8906516,0.009738,0.2395686,479,477,480
1.8765912,0.070284,0.1789512,481,479,482
1.899012,0.072204,0.2210016,483,481,484
1.8817536,0.116478,0.18171,485,483,486
1.8983058,0.119868,0.2141862,487,488,489
1.8677526,0.180366,0.1958916,490,491,492
1.8918102,0.16605,0.2252946,493,492,494
1.855692,0.257316,0.2303676,493,494,495
1.8646368,0.254712,0.2464296,496,495,497
1.848297,0.326418,0.2784534,498,497,499
1.7387208,0.534954,0.449997354,500,499,501
1.7398446,0.526338,0.40231836,502,501,503
1.753233,0.499428,0.359604,504,503,505
1.7845344,0.431628,0.3055818,506,505,507
1.7697942,-0.166668,0.1866264,508,507,509
1.7963616,-0.135186,0.1819926,510,509,511
1.7231796,0.518934,0.39372792,512,511,488
1.7303682,0.505884,0.363561,267,513,514
1.7550414,0.450474,0.3131256,515,516,517
1.7751846,0.398706,0.2745552,518,517,519
1.7966904,0.34392,0.249315,520,519,521
1.8104622,0.2688,0.2079174,522,521,523
1.8235746,0.202086,0.1756344,524,523,525
1.835844,0.128208,0.1505772,526,525,527
1.8372012,0.052686,0.1405002,528,527,529
1.8245322,-0.002604,0.1488,530,531,529
1.8211572,-0.04263,0.1507782,530,529,532
1.8065604,-0.094608,0.1741218,533,532,534
1.7084094,-0.11322,0.1348644,535,534,536
1.7336358,-0.032508,0.1168266,258,536,537
1.6539396,0.52653,0.40301694,269,537,513
1.6504692,0.534774,0.449997678,488,462,460
1.74087,0.012312,0.1119678,513,483,485
1.7423298,0.047322,0.1073364,516,459,458
1.726437,0.136866,0.1168872,516,458,461
1.7110278,0.201954,0.1473192,517,461,463
1.698465,0.280932,0.180639,519,463,465
1.6937892,0.360888,0.2220606,521,465,467
1.667655,0.445554,0.2827836,523,467,469
1.657737,0.489942,0.3432108,525,469,471
1.6515936,0.515394,0.3814032,527,471,473
1.2350088,0.50736,0.40748568,529,473,475
1.2378864,0.51954,0.449999202,532,475,477
1.3699419,0.522384,0.449998716,534,477,479
1.2386268,0.484002,0.37365,536,479,481
1.3710234,0.48624,0.3754902,537,481,483
1.2523032,0.457734,0.3362568,491,538,486
1.3678626,0.452874,0.3278592,492,486,484
1.2567012,0.40536,0.2834466,494,484,482
1.377058554,0.380664,0.2647128,495,482,480
1.2402528,0.361896,0.2331228,495,480,478
1.40260776,0.32247,0.2188296,497,478,476
1.259523,0.269652,0.1626984,499,476,474
1.41953214,0.26181,0.1856892,501,474,472
1.318482,0.155568,0.118203,503,472,470
1.42427946,0.16245,0.1363518,505,470,468
1.3184532,0.10116,0.1006092,507,468,466
1.42124052,0.11358,0.1238766,509,466,464
1.312563,0.056472,0.0911886,511,464,462
1.42717554,0.073254,0.1177536,258,257,535
1.31931,0.012162,0.0875514,539,528,531
1.42549344,0.035202,0.112839,540,531,530
1.3204974,-0.041448,0.0894402,541,530,533
1.42984686,-0.019524,0.1212078,257,256,542
1.32149724,-0.105474,0.0978852,533,535,257
1.43360532,-0.07698,0.1483908,542,543,533
1.3154328,-0.166266,0.118383,544,545,546
1.42680546,-0.106944,0.1582806,207,205,547
1.3199556,-0.23775,0.1598838,263,547,548
1.42446744,-0.174696,0.180273,549,548,550
1.3162002,-0.28623,0.2040684,551,550,552
1.42882632,-0.22119,0.206391,553,552,554
1.3183506,-0.310608,0.2476902,555,554,556
1.42200264,-0.259806,0.2301576,557,556,558
1.41990006,-0.280836,0.2573706,559,558,545
1.41725268,-0.3228984,0.2976066,549,256,261
1.41732954,-0.334602,0.3390336,544,546,560
1.0278234,0.510036,0.40077642,544,560,539
1.0311186,0.522714,0.44999997,559,539,540
1.1153154,0.520638,0.449999658,557,540,541
1.0283736,0.496044,0.3782022,555,541,543
1.1172702,0.507966,0.40995636,553,543,542
1.0101576,0.481272,0.3327954,551,542,256
1.1052306,0.492282,0.3794928,560,526,528
1.0177512,0.455934,0.2804508,561,515,518
1.1102628,0.475908,0.3470778,562,518,520
0.9974202,0.41451,0.2487096,563,520,522
1.1283696,0.451086,0.3059838,564,522,524
0.9350142,0.380424,0.2284296,546,524,526
1.1249316,0.407244,0.2648376,565,566,205
0.9195492,0.3003,0.146841,567,562,563
1.0684338,0.32778,0.1931598,568,563,564
0.9768528,0.177828,0.0619056,569,564,546
1.1453892,0.183192,0.0939474,570,546,545
1.0051314,0.109362,0.0309684,571,545,558
1.1773206,0.105198,0.0606066,572,558,556
1.0338888,0.023742,0.005073,573,556,554
1.1806398,0.062706,0.0471336,574,554,552
1.0347456,-0.092058,0,575,552,550
1.1848716,0.002424,0.04191,576,550,548
1.0422786,-0.179748,0.0147582,577,548,547
1.1786298,-0.070908,0.0330894,578,547,205
1.0469946,-0.253722,0.0522042,214,451,565
1.1814228,-0.158088,0.0502146,566,565,579
1.0372032,-0.3081402,0.1027236,566,579,580
1.1648604,-0.240582,0.0809928,567,581,582
1.0367034,-0.3334596,0.1411482,578,580,583
1.1568282,-0.294312,0.1227288,576,577,583
1.1567328,-0.3216234,0.1623966,576,583,584
0.8543574,0.526674,0.41469432,575,584,585
0.8639028,0.534492,0.450000588,574,585,586
0.9467766,0.526032,0.450000282,573,586,587
0.8511702,0.513978,0.3769944,572,587,588
0.9393708,0.51492,0.40982214,571,588,589
0.8339406,0.50007,0.3140466,570,589,590
0.923301,0.505638,0.372498,569,590,591
0.8218458,0.48876,0.2581314,568,591,581
0.906672,0.487194,0.306657,592,593,594
0.8045592,0.467424,0.2112144,595,592,596
0.8991846,0.461082,0.2487102,597,595,598
0.765498,0.432234,0.1722402,599,597,600
0.880797,0.430212,0.2332224,601,599,602
0.765132,0.360462,0.1455666,603,601,604
0.8376042,0.377232,0.1995744,605,603,606
0.7911516,0.293382,0.1223394,607,605,608
0.8582706,0.320832,0.158169,609,607,610
0.804072,0.21372,0.092367,611,609,612
0.8722458,0.27564,0.118284,613,611,614
0.7845264,0.140166,0.0691302,615,613,616
0.8794422,0.174096,0.0646464,617,615,618
0.7818498,0.055542,0.0503646,619,617,620
0.8909238,0.105588,0.03915,621,619,622
0.8067642,-0.12285,0.0391842,623,621,624
0.8972364,-0.02865,0.002952,280,623,625
0.8118768,-0.188988,0.066069,281,280,626
0.8909472,-0.16806,0.018057,282,281,627
0.8049528,-0.236352,0.1037742,628,629,630
0.8951634,-0.240066,0.0542676,631,628,632
0.8035506,-0.264966,0.1556454,633,631,634
0.9110088,-0.291378,0.0920604,635,633,636
1.6107186,-0.164946,0.130368,637,635,638
1.6096392,-0.116466,0.1202358,639,637,640
1.5611232,0.534288,0.449998008,641,639,642
1.5626706,0.523602,0.39117888,643,641,644
1.5683118,0.510936,0.37362,645,643,646
1.571829,0.490134,0.3439098,647,645,648
1.5738948,0.454308,0.2950146,649,647,650
1.5771162,0.41487,0.2539926,651,649,652
1.5943284,0.26589,0.1674792,653,651,654
1.5912816,0.310122,0.1883916,655,653,656
1.6069896,0.173094,0.1399218,657,655,658
1.6120014,0.121314,0.1294476,271,657,659
1.6149978,0.067074,0.120447,660,661,662
1.6160028,0.011784,0.1149648,663,660,664
1.6198302,-0.046506,0.108498,665,663,666
1.4911344,-0.28998,0.2704884,667,665,668
1.527324,-0.295806,0.249324,669,667,670
1.4960328,-0.3242184,0.297432,671,669,672
1.5168984,-0.3471066,0.449998176,673,671,674
1.4994336,-0.3434196,0.3350736,675,673,676
1.6003416,-0.3498576,0.449997864,677,675,678
1.4983098,-0.260286,0.2323176,679,677,680
1.5072462,-0.183714,0.1850778,681,679,682
1.5390534,-0.087384,0.15741,683,681,684
1.5297066,-0.188184,0.1798782,685,683,686
1.501206,-0.225138,0.2134044,687,685,688
1.42116768,-0.3502518,0.44999853,689,687,690
0.9239268,-0.3190662,0.1409082,691,692,579
0.8145834,0.529986,0.41458602,693,582,581
0.8185482,0.53988,0.450000756,694,581,591
0.8065458,0.517866,0.3792132,695,591,590
0.800922,0.505272,0.3100182,696,590,589
0.7882692,0.499758,0.2590074,697,589,588
0.757386,0.476538,0.1901826,698,588,587
0.720462,0.429918,0.1555458,699,700,587
0.717312,0.348612,0.1375128,699,587,586
0.697818,0.235752,0.1301256,701,586,585
0.700794,0.181596,0.1210752,702,585,584
0.696888,0.138012,0.108216,703,584,583
0.701064,0.070794,0.087348,704,583,580
0.699024,-0.01278,0.079371,705,580,579
0.689766,-0.081102,0.1072662,455,454,579
0.704298,-0.141918,0.1395942,565,451,579
0.711,-0.188082,0.1654584,452,691,579
0.730494,0.535128,0.41786598,453,452,579
0.732444,0.545136,0.450001074,454,453,579
0.722412,0.524256,0.3845172,417,425,254
0.714396,0.520794,0.3352644,706,707,404
0.665466,0.489672,0.2367216,708,404,418
0.64791,0.429024,0.168561,425,245,254
0.652068,0.361884,0.1476402,709,710,418
0.643266,0.276372,0.1435062,711,418,417
0.638898,0.206784,0.1353258,712,441,707
0.641286,0.17091,0.1234452,713,714,715
0.664626,0.123564,0.1049544,713,715,450
0.674016,0.071958,0.0887652,716,450,441
0.659964,-0.010938,0.0857952,691,452,457
0.63798,-0.077172,0.1120824,691,457,456
0.633576,-0.137892,0.1553184,714,705,692
0.635352,-0.169698,0.177876,714,692,456
0.638046,-0.17874,0.1949778,693,694,594
0.62583,0.542724,0.4134018,709,717,627
0.63171,0.548952,0.450001446,710,627,626
0.620388,0.535374,0.38936796,708,626,625
0.610506,0.525642,0.335442,706,625,624
0.60135,0.491214,0.2370054,712,624,622
0.592452,0.420594,0.163917,716,622,620
0.568578,0.343044,0.1402512,713,620,618
0.567996,0.265158,0.131592,714,618,616
0.579096,0.206706,0.1224882,714,616,614
0.604986,0.162858,0.1133208,705,614,612
0.62826,0.116898,0.0968832,704,612,610
0.629748,0.066918,0.076581,703,610,608
0.597258,-0.037356,0.0778956,702,608,606
0.573792,-0.120498,0.1146252,701,606,604
0.569634,-0.185058,0.1516242,699,604,602
0.567708,-0.209268,0.1736952,700,602,600
0.565776,-0.233478,0.1957668,700,600,598
0.468906,0.565824,0.43223646,698,598,596
0.480402,0.569286,0.450002004,696,697,596
0.462438,0.556878,0.3921324,696,596,594
0.46092,0.544752,0.3454956,694,695,594
0.45771,0.523944,0.2900808,632,630,593
0.457116,0.478992,0.2183202,634,632,592
0.465726,0.395736,0.1562928,636,634,595
0.495522,0.282924,0.1188144,638,636,597
0.505086,0.23562,0.1141938,640,638,599
0.5091,0.209802,0.1131462,642,640,601
0.52158,0.14154,0.1017522,644,642,603
0.53226,0.082638,0.0873192,646,644,605
0.537192,0.033282,0.0809424,648,646,607
0.545604,-0.048462,0.0863196,650,648,609
0.533022,-0.155544,0.118206,652,650,611
0.496986,-0.258426,0.1413198,654,652,613
0.368352,0.582672,0.43648716,656,654,615
0.372468,0.591324,0.4500024,658,656,617
0.361854,0.55683,0.39251106,659,658,619
0.362478,0.550188,0.3539538,275,659,621
0.353556,0.535242,0.300483,276,275,623
0.359742,0.500292,0.2425182,280,277,276
0.374742,0.4485,0.201036,664,662,629
0.400824,0.353832,0.1522224,666,664,628
0.42846,0.261876,0.1302276,668,666,631
0.437772,0.18594,0.1261992,670,668,633
0.438726,0.131904,0.1227402,672,670,635
0.465174,0.082254,0.1086666,674,672,637
0.47514,-0.001986,0.095685,676,674,639
0.483834,-0.073302,0.0944976,678,676,641
0.481614,-0.172968,0.1164366,680,678,643
0.454926,-0.259368,0.1351626,682,680,645
0.244938,0.507666,0.3661266,684,682,647
0.248124,0.511632,0.450002862,686,684,649
0.278508,0.52992,0.450002748,688,686,651
0.24297,0.480768,0.314406,690,688,653
0.287574,0.540738,0.3494718,718,690,655
0.246714,0.444936,0.2882988,270,718,657
0.277824,0.518538,0.3032736,261,256,255
0.25644,0.402552,0.263601,232,231,240
0.2928,0.484842,0.2676024,714,456,715
0.265452,0.35433,0.2482182,719,720,661
0.308844,0.440802,0.2241414,721,719,660
0.28212,0.26505,0.2156682,722,721,663
0.317658,0.37815,0.2090682,723,722,665
0.30123,0.162378,0.1887906,724,723,667
0.330444,0.272892,0.1892424,725,724,669
0.31596,0.108252,0.1713816,726,725,671
0.352626,0.182916,0.1630818,727,726,673
0.34002,0.056964,0.1554624,728,727,675
0.37059,0.121278,0.141894,729,728,677
0.35565,-0.031884,0.1425606,730,729,679
0.389922,0.070422,0.1283946,731,730,681
0.356934,-0.114756,0.1484664,732,731,683
0.406968,-0.029454,0.1110468,733,732,685
0.350112,-0.202194,0.1683216,734,733,687
0.408534,-0.101904,0.1103856,735,736,720
0.342666,-0.271194,0.1852458,737,735,719
0.398886,-0.203268,0.127485,738,737,721
0.332418,-0.3105228,0.1951404,739,738,722
0.386976,-0.272532,0.1501806,740,739,723
0.187998,0.482328,0.3719268,741,740,724
0.199722,0.485676,0.450003042,742,741,725
0.19779,0.449868,0.3353664,743,742,726
0.201318,0.41919,0.3173814,744,743,727
0.209118,0.376938,0.2982696,745,744,728
0.213156,0.33045,0.2872908,746,745,729
0.228234,0.256194,0.2654472,747,746,730
0.248952,0.169218,0.2259642,748,747,731
0.270186,0.103908,0.2071302,749,748,732
0.28575,0.031944,0.1981062,750,749,733
0.305592,-0.050262,0.189708,751,750,734
0.320682,-0.118902,0.1814136,689,718,270
0.319422,-0.197082,0.1956642,752,753,736
0.308994,-0.249444,0.207918,754,752,735
0.194676,0.419322,0.39400068,755,754,737
0.194664,0.436926,0.45000306,756,755,738
0.196824,0.398544,0.3784674,757,756,739
0.198348,0.367956,0.3662058,758,757,740
0.204546,0.33813,0.3534678,759,758,741
0.206682,0.308676,0.3519444,760,759,742
0.215424,0.247356,0.3388446,761,760,743
0.231534,0.163926,0.3112848,762,761,744
0.244812,0.099018,0.2864022,763,762,745
0.261192,0.028638,0.2564754,764,763,746
0.274848,-0.02889,0.2525742,765,764,747
0.307362,-0.131382,0.2400264,766,765,748
0.524466,-0.283338,0.1944018,767,766,749
0.490476,-0.3376512,0.2158068,768,767,750
1.7159934,0.531978,0.449997438,769,770,753
0.432228,-0.4136544,0.261492,771,769,752
0.297672,-0.685893,0.1686132,772,771,754
0.313146,-0.6841872,0.162183,773,772,755
0.32334,-0.7319826,0.1521432,774,773,756
0.345084,-0.6747234,0.1769676,775,774,757
0.36831,-0.6693336,0.1741404,776,775,758
0.38601,-0.7139946,0.1623258,777,776,759
0.378054,-0.669381,0.194331,778,777,760
0.39654,-0.7154652,0.1891284,779,778,761
0.302406,-0.736251,0.151527,780,779,762
0.302556,-0.75129,0.1551348,781,780,763
0.322176,-0.7689786,0.1580172,782,781,764
0.298668,-0.7761912,0.1534524,783,782,765
0.412884,-0.7484124,0.1871634,784,783,766
0.406458,-0.7538556,0.161937,785,786,770
0.335556,-0.7260396,0.148731,787,785,769
0.33042,-0.6754854,0.1735002,788,787,771
0.295008,-0.780492,0.1987248,789,788,772
0.30453,-0.7754772,0.227088,790,789,773
0.31449,-0.7400094,0.2252706,791,790,774
0.302952,-0.6774852,0.2175246,792,791,775
0.292566,-0.6910026,0.1944108,793,792,776
0.294066,-0.7470288,0.1921944,794,793,777
0.37413,-0.7568862,0.1573878,795,794,778
0.354066,-0.7177104,0.1611222,796,795,779
0.350214,-0.7633344,0.149424,797,796,780
0.337554,-0.7672914,0.1515954,798,797,781
0.380172,-0.7049994,0.2107374,799,798,782
0.401256,-0.7507902,0.205413,800,799,783
0.338232,-0.7322442,0.2352102,323,800,784
0.36393,-0.7126692,0.2264478,801,802,803
0.346056,-0.6723858,0.2267442,804,801,805
0.333516,-0.6701664,0.2251542,806,804,807
0.371808,-0.6735624,0.2081004,808,806,809
0.315954,-0.188844,0.2331576,810,808,811
0.229476,0.283512,0.3736986,812,810,813
0.235194,0.248376,0.37578,814,812,815
0.240456,0.178926,0.3648384,816,814,817
0.245694,0.101358,0.3361788,818,816,819
0.25788,0.041262,0.3054876,820,818,821
0.223956,0.272532,0.450002952,822,820,823
0.223272,0.403944,0.450002952,824,822,825
0.221436,0.369696,0.450002958,826,824,827
0.217806,0.327858,0.450002976,828,826,829
0.147708,0.327456,0.43475826,830,831,802
0.159048,0.193704,0.435951,832,830,801
0.155826,0.193344,0.450003204,833,832,804
0.154722,0.453312,0.43356798,834,833,806
0.14421,0.327096,0.450003246,835,834,808
0.197538,0.534834,0.4323777,836,835,810
0.150936,0.453486,0.450003222,837,836,812
0.258162,0.58074,0.43118724,838,837,814
0.193866,0.536568,0.45000306,839,838,816
0.319386,0.59235,0.42999684,840,839,818
0.255864,0.584418,0.450002832,841,840,820
0.15726,0.32844,0.42359952,842,841,822
0.167844,0.1947,0.4256625,843,842,824
0.165066,0.452856,0.42153648,332,843,826
0.207588,0.5301,0.41947332,844,845,831
0.264462,0.57069,0.41741016,846,844,830
0.322224,0.5808,0.41534694,847,846,832
0.170316,0.329784,0.41951046,848,847,833
0.179868,0.196062,0.42189348,849,848,834
0.179202,0.452232,0.41712744,850,849,835
0.221316,0.523632,0.41474688,851,850,836
0.27306,0.556962,0.41236368,852,851,837
0.183378,0.331128,0.42358884,853,852,838
0.191892,0.197418,0.42565446,854,853,839
0.193344,0.451602,0.4215258,855,854,840
0.23505,0.517164,0.41946264,800,829,827
0.28167,0.543234,0.41739948,799,827,825
0.192948,0.332112,0.43474482,798,825,823
0.2007,0.198414,0.43593504,797,823,821
0.2037,0.45114,0.43355196,796,821,819
0.245106,0.512424,0.43235898,795,819,817
0.28797,0.533178,0.431166,794,817,815
0.196452,0.332478,0.449984538,793,815,813
0.203934,0.19878,0.449987154,792,813,811
0.207498,0.450972,0.449984496,791,811,809
0.290286,0.529494,0.449978904,790,809,807
0.318354,0.59658,0.450002604,789,807,805
2.461686,0.552324,0.286518,321,784,319
2.45673,0.596562,0.281244,767,768,856
2.48133,0.604584,0.2984832,856,857,319
2.496102,0.59352,0.3116124,427,420,424
2.483664,0.548778,0.2978166,858,561,562
2.496096,0.549738,0.3122604,325,800,323
2.473956,0.536976,0.2945082,343,828,327
2.459298,0.542286,0.2904798,327,829,800
2.488644,0.533568,0.3035958,333,332,828
2.493798,0.5397,0.3162228,343,372,828
2.50131,0.558012,0.3274818,317,859,355
2.489016,0.605088,0.317778,350,318,317
2.503596,0.585144,0.322782,358,364,353
2.452266,0.614508,0.2976294,860,861,862
2.466966,0.615936,0.307185,863,864,865
2.435052,0.559542,0.2878326,864,866,867
2.442342,0.598338,0.289023,868,862,869
2.44494,0.622182,0.2936592,869,870,871
2.464572,0.633042,0.3064074,871,870,54
2.479212,0.632328,0.3133662,867,872,873
2.476722,0.613326,0.3091002,874,875,863
2.498928,0.618888,0.326154,861,875,874
2.513496,0.591648,0.3304548,869,871,876
2.518386,0.564738,0.3326184,871,54,62
2.506296,0.545274,0.3334086,876,62,61
2.496144,0.527664,0.315003,876,877,878
2.481378,0.521538,0.3026016,879,880,881
2.464212,0.52248,0.293331,873,882,883
2.449668,0.537456,0.2902368,884,874,883
2.52351,0.580668,0.3437976,884,885,862
2.520984,0.561432,0.341997,870,885,54
2.513676,0.5349,0.3396006,862,885,870
2.503536,0.522132,0.3215706,869,881,868
2.476596,0.506676,0.3060612,860,868,881
2.461956,0.507378,0.2991948,867,886,887
2.432784,0.517764,0.2936034,877,61,888
2.418306,0.529578,0.2974758,877,888,878
2.506392,0.617952,0.335649,77,889,888
2.516064,0.598248,0.3383046,887,886,889
2.481876,0.638832,0.3212052,889,890,891
2.447454,0.628914,0.2991342,889,886,892
2.432568,0.60141,0.2822754,888,891,879
2.426604,0.60048,0.2875176,866,892,886
2.430144,0.55977,0.2855766,863,334,347
2.415798,0.603186,0.2901078,880,371,344
2.45526,0.653256,0.3232182,860,344,340
2.467038,0.642372,0.3097398,861,340,334
2.470212,0.649248,0.339516,863,875,334
2.497224,0.63027,0.3588708,354,866,864
2.514378,0.605028,0.3681834,371,880,879
2.52396,0.578808,0.3630342,368,879,891
2.526216,0.55497,0.3581886,363,891,890
2.418156,0.554574,0.2902314,364,890,892
2.42937,0.67005,0.352137,353,892,866
2.45409,0.660408,0.3749358,843,332,331
2.49072,0.629718,0.3905433,855,841,842
2.517372,0.60246,0.394656,893,842,843
2.531916,0.575784,0.3941322,894,849,850
2.538672,0.546132,0.3740766,895,850,851
2.533506,0.515688,0.361587,896,851,852
2.52564,0.49158,0.3351336,897,852,853
2.493744,0.459492,0.3157386,898,853,854
2.479056,0.455226,0.3107874,849,894,899
2.44497,0.451578,0.299073,900,845,844
2.423082,0.459258,0.2954442,900,844,846
2.396568,0.495612,0.297183,900,846,847
2.382108,0.534096,0.3012402,901,847,848
2.3748,0.588012,0.2968626,902,848,849
2.37966,0.549066,0.2978652,903,904,905
2.430588,0.638352,0.3029244,906,903,907
2.382258,0.626112,0.3052548,908,906,909
2.511432,0.59958,0.450013014,910,908,911
2.539716,0.57582,0.41825862,912,910,913
2.556162,0.538962,0.39727956,914,915,904
2.55564,0.49482,0.3759912,916,914,903
2.55996,0.44346,0.3539886,917,916,906
2.413416,0.442392,0.2940372,918,917,908
2.391558,0.462114,0.291573,919,918,910
2.381922,0.486192,0.2941254,920,921,915
2.360166,0.508362,0.2919882,922,920,914
2.355378,0.53244,0.2944266,923,922,916
2.34822,0.558882,0.2971512,924,923,917
2.431638,0.670308,0.449920734,919,924,918
2.401746,0.688548,0.41293506,925,926,921
2.402172,0.660582,0.3251574,927,925,920
2.358732,0.676914,0.3326268,928,927,922
2.38656,0.693948,0.3822336,929,928,923
2.336814,0.641286,0.3248082,930,931,926
2.348328,0.597456,0.3008802,932,930,925
2.557314,0.424686,0.347355,933,932,927
2.54016,0.389058,0.3394284,934,933,928
2.486478,0.389046,0.316368,935,936,931
2.435232,0.422448,0.298875,937,935,930
2.583222,0.53685,0.418359,802,937,932
2.545254,0.573018,0.450049914,938,802,933
2.598342,0.52968,0.45011055,919,787,924
2.61051,0.51717,0.450126378,939,786,785
2.60985,0.507702,0.4173168,919,912,785
2.599638,0.490326,0.39644892,919,785,787
2.596974,0.46956,0.3847422,787,805,924
2.586714,0.432948,0.3620154,787,788,805
2.576832,0.411714,0.3553134,160,159,940
2.567226,0.375144,0.3568794,941,942,178
2.564538,0.358974,0.3481062,943,155,163
2.496096,0.36957,0.3166536,944,940,159
2.42784,0.386568,0.2931858,157,945,944
2.40348,0.401922,0.2854764,944,946,947
2.371926,0.431772,0.2794302,945,948,946
2.347794,0.468132,0.2810172,945,949,948
2.340708,0.501636,0.2869098,945,950,949
2.335992,0.530322,0.2921838,951,943,942
2.654016,0.478206,0.450176466,951,952,943
2.65827,0.470868,0.41990328,943,952,950
2.648076,0.458328,0.39950088,953,954,942
2.637984,0.442854,0.3836952,941,955,956
2.623104,0.417732,0.3669714,957,953,956
2.6109,0.396354,0.3627954,958,954,953
2.603544,0.372516,0.3582702,959,960,954
2.60103,0.35802,0.3569262,961,951,960
2.69448,0.449142,0.41696208,962,952,951
2.691474,0.441666,0.3944913,963,950,952
2.67951,0.446034,0.40007208,963,964,950
2.686116,0.421824,0.3732744,964,965,949
2.65935,0.410508,0.3654324,965,966,948
2.66946,0.4308,0.3818016,948,966,967
2.678592,0.401154,0.3616896,946,967,968
2.64726,0.388668,0.3660882,955,947,968
2.676072,0.370008,0.3563448,963,969,970
2.651898,0.372492,0.3571458,970,971,964
2.679996,0.45858,0.42069672,971,972,965
2.625144,0.355872,0.3536706,972,973,966
2.740302,0.427512,0.41380662,966,973,974
2.732844,0.428442,0.40440678,967,974,975
2.713374,0.43635,0.39835014,968,975,976
2.753022,0.407838,0.450245658,977,978,962
2.757312,0.412536,0.41684286,977,961,959
2.747274,0.413934,0.40266642,979,959,958
2.719272,0.441828,0.450245784,958,957,980
2.721012,0.43956,0.41542002,957,981,982
2.75313,0.3879,0.450245658,982,981,955
2.7435,0.361134,0.450245694,983,955,976
2.752638,0.355788,0.42610518,980,982,984
2.738652,0.34413,0.450245712,985,986,980
2.745474,0.340926,0.42961758,987,979,986
2.742624,0.33312,0.40950606,988,977,979
2.749728,0.348312,0.4035366,989,978,977
2.725152,0.325644,0.3873714,990,969,978
2.69805,0.327534,0.3686616,990,991,970
2.700342,0.342864,0.3604284,970,991,971
2.732322,0.342888,0.383994,992,983,976
2.71008,0.34722,0.3655038,993,994,987
2.680818,0.351012,0.351909,995,988,987
2.678424,0.340968,0.3558738,996,989,988
2.656524,0.351492,0.3476406,997,990,989
2.622798,0.328968,0.3560034,998,991,990
2.651748,0.338988,0.35142,998,999,971
2.676126,0.32847,0.359598,999,1000,972
2.65188,0.326256,0.3574578,1000,1001,973
2.639838,0.321192,0.3597354,973,1001,1002
2.610786,0.335946,0.359349,974,1002,1003
2.613234,0.318606,0.3624966,974,1003,1004
2.625414,0.310932,0.3663498,975,1004,1005
2.598648,0.33855,0.3574896,976,1005,1006
2.596332,0.321216,0.3607482,984,992,1006
2.597112,0.296118,0.39475884,1007,984,1008
2.64279,0.30423,0.3847242,1009,984,1010
2.633586,0.29034,0.40301862,1010,984,1007
2.667126,0.301152,0.39113244,1011,996,995
2.657868,0.28749,0.40705722,1012,997,996
2.696286,0.305406,0.39574764,1013,998,997
2.684652,0.286542,0.41610522,1014,999,998
2.56215,0.33714,0.3484398,999,1014,1015
2.557416,0.319566,0.3542184,999,1015,1000
2.577372,0.302364,0.3811806,1004,1016,1017
2.55054,0.30591,0.3699954,1005,1017,1018
2.7048,0.297678,0.450245838,1005,1018,1019
2.709192,0.294702,0.43086876,1006,1019,1020
2.723472,0.307656,0.42212742,1007,1008,1020
2.678046,0.283986,0.45024594,1010,1007,1021
2.648712,0.282702,0.4311123,1022,994,993
2.651496,0.28353,0.450246036,1023,993,1024
2.617086,0.28611,0.4225113,1025,1026,1024
2.554746,0.288552,0.450145098,1024,1010,1027
2.528064,0.284298,0.450121392,1027,1010,1028
2.534544,0.28002,0.41168622,1015,1029,1001
2.592678,0.287058,0.41341044,1029,1030,1002
2.568222,0.288234,0.40193976,1030,1031,1003
2.583786,0.291006,0.450168792,1031,1032,1004
2.563824,0.28638,0.4212843,1004,1032,1016
2.62251,0.283776,0.450246144,1033,1013,1012
2.538948,0.281886,0.39224382,1034,1035,1033
2.477358,0.276798,0.45007926,1036,1037,1033
2.488638,0.272844,0.41205666,1033,1037,1038
2.497416,0.27633,0.3757344,1038,1039,1014
2.410926,0.257184,0.40019202,1039,1040,1015
2.407164,0.262434,0.45002133,1040,1041,1029
2.49951,0.302268,0.3586752,1041,1042,1030
2.422134,0.26574,0.3618174,1030,1042,1043
2.503908,0.313554,0.3427266,1043,1044,1031
2.50122,0.344094,0.3287118,1031,1044,1045
2.430378,0.342096,0.3009774,1032,1045,1046
2.43081,0.313458,0.3201108,1016,1046,1047
2.426562,0.29436,0.342666,1017,1047,1048
2.384004,0.366054,0.280068,1018,1048,1049
2.365038,0.332928,0.2967276,1020,1019,1049
2.343954,0.30561,0.328638,1021,1020,1050
2.339496,0.286884,0.3463536,1051,1052,1037
2.312586,0.30303,0.3315078,1052,1053,1038
2.33454,0.248298,0.449960766,1053,1054,1039
2.328762,0.2472,0.40591854,1054,1055,1040
2.318382,0.255288,0.3729738,1055,1056,1041
2.291028,0.287376,0.342648,1056,1057,1042
2.330832,0.361116,0.283215,1057,1058,1043
2.271144,0.328752,0.3179262,1059,1060,1061
2.30712,0.346998,0.304311,1062,1063,1064
2.322006,0.313518,0.3226398,1062,1065,1066
2.280204,0.419094,0.2876034,1065,1067,1068
2.299326,0.427218,0.2781846,1069,1052,1051
2.320974,0.44937,0.27504,1069,1061,1053
2.352558,0.395448,0.2787588,1064,1054,1053
2.316378,0.50718,0.2807394,1064,1063,1055
2.333538,0.556992,0.2924298,1063,1066,1056
2.314104,0.538002,0.288555,1066,1068,1057
2.292468,0.501198,0.2928666,1068,1070,1058
2.265834,0.488946,0.2946912,1071,1072,1073
2.256432,0.40284,0.3060066,1074,1075,1071
2.29731,0.5301,0.295548,1075,1076,1072
2.273178,0.527424,0.2982408,1077,1078,1059
2.251674,0.4779,0.3084954,1078,1073,1060
2.475096,0.633936,0.449970828,1073,173,1062
2.695062,0.454116,0.450245874,1072,174,173
2.738664,0.429312,0.450245712,1076,175,174
2.317812,0.746682,0.449796846,1075,177,1076
2.354142,0.729324,0.449836386,1079,177,1075
2.353452,0.72966,0.41554572,1076,177,175
2.324346,0.744636,0.41288244,1079,1080,1081
2.350212,0.725952,0.3788058,1082,1083,1081
2.321634,0.74604,0.39844146,1083,1084,1085
2.3475,0.72204,0.3688272,1086,1087,1088
2.284032,0.75144,0.449767878,166,1085,1089
2.283324,0.747024,0.4140675,1085,1084,1086
2.287578,0.746754,0.39203046,168,167,1089
2.32362,0.747666,0.381522,170,168,1090
2.28978,0.750282,0.3801678,171,170,1067
2.32071,0.740088,0.3590406,173,171,1065
2.342466,0.723204,0.356904,1091,1088,1092
2.37348,0.714576,0.449857476,1090,1088,1091
2.359248,0.701592,0.354423,1067,1091,1093
2.25717,0.726048,0.3299736,1068,1093,1070
2.254566,0.69984,0.3251076,1070,1093,1094
2.245386,0.69315,0.3440982,1091,1092,1095
2.250516,0.725724,0.3592794,1092,1096,1097
2.243256,0.696594,0.3590232,1095,1094,1093
2.25615,0.741936,0.39229242,1097,1098,1094
2.25492,0.742116,0.449744184,1070,1094,1099
2.260716,0.738264,0.3796788,1099,1094,1100
2.260488,0.7392,0.3700146,1094,1098,1100
2.264844,0.741282,0.3483,1098,1101,1100
2.23383,0.703104,0.3671454,1058,1099,1102
2.241474,0.728232,0.3840384,1099,1100,1103
2.248416,0.72456,0.3713694,1100,1101,1104
2.23068,0.720426,0.449728404,1103,1100,1104
2.188308,0.684162,0.3882804,1105,1106,1104
2.223726,0.682896,0.3508794,1107,1108,1106
2.199564,0.668178,0.3524106,1109,1110,1108
2.240508,0.68595,0.3435138,1058,1102,1111
2.254314,0.67164,0.3150174,1102,1103,1112
2.225094,0.665148,0.307797,1103,1104,1113
2.208384,0.654792,0.3144546,1103,1113,1114
2.196222,0.628362,0.31218,1115,1116,1117
2.187078,0.628404,0.3367002,1116,1110,1109
2.263932,0.679296,0.3107508,1116,1115,1118
2.263506,0.666522,0.2924934,1118,1119,1110
2.236668,0.662394,0.2854452,1118,1120,1119
2.214984,0.650148,0.287157,1119,1121,1108
2.205336,0.630444,0.2903544,1122,1123,1124
2.272434,0.664476,0.2629056,1121,1125,1106
2.245632,0.658224,0.2531622,1125,1126,1104
2.231352,0.645258,0.261999,1127,1122,1128
2.219376,0.625332,0.2676216,1120,1129,1121
2.312292,0.659796,0.3101346,1129,1127,1128
2.290128,0.671106,0.2947122,1125,1121,1128
2.289888,0.66483,0.284445,1125,1128,1126
2.29446,0.663528,0.2720616,1113,1104,1126
2.279334,0.671166,0.2439684,1113,1126,1130
2.254728,0.660774,0.2265012,1128,1124,1130
2.240334,0.640608,0.2346456,1123,1131,1132
2.306004,0.67305,0.2484114,1124,1132,1133
2.290776,0.683616,0.2157234,1133,1132,1134
2.261538,0.669828,0.2077968,1131,1135,1134
2.249592,0.642468,0.2150922,1114,1130,1133
2.26086,0.670254,0.1786692,1136,1133,1137
2.274942,0.693714,0.1611864,1111,1112,1138
2.259552,0.687882,0.1220346,1114,1136,1138
2.285172,0.698922,0.1832682,1044,1139,1140
2.315022,0.688116,0.2179878,1139,1138,1141
2.304222,0.702444,0.171015,1138,1136,1142
2.294244,0.705978,0.159438,1045,1140,1143
2.278884,0.71217,0.1215426,1140,1141,1144
2.258694,0.703638,0.0847314,1141,1142,1145
2.24922,0.668514,0.0960996,1145,1146,1147
2.246148,0.681204,0.0658212,1135,1148,1149
2.24634,0.645726,0.1815126,1134,1149,1150
2.250192,0.652278,0.13833,1146,1137,1150
2.231004,0.62235,0.2476398,1150,1151,1147
2.239776,0.623466,0.2110902,1145,1142,1137
2.23917,0.628392,0.1848852,1143,1144,1152
2.240376,0.61911,0.1304694,1153,1147,1151
2.255748,0.637416,0.0662436,1154,1155,1147
2.261124,0.601122,0.089304,1156,1154,1153
2.274048,0.556212,0.1259994,1155,1144,1145
2.243574,0.588852,0.1663182,1152,1144,1155
2.267628,0.545526,0.1615698,1157,1152,1154
2.224974,0.582798,0.304716,1158,1159,1152
2.229282,0.587586,0.2807748,1048,1047,1159
2.258694,0.561636,0.2970054,1049,1048,1158
2.24964,0.554016,0.3256632,1050,1049,1160
2.242134,0.582522,0.2070756,1161,1050,1162
2.238432,0.589908,0.2564844,1162,1160,1163
2.27355,0.543462,0.2074476,1160,1158,1157
2.317056,0.628518,0.3070008,1163,1157,1156
2.324442,0.620616,0.3133374,1164,1156,1165
2.314578,0.606588,0.3073284,1166,1163,1164
2.27319,0.693732,0.0858288,1167,1164,1168
2.260704,0.673524,0.069621,1169,995,994
2.278608,0.671928,0.1103868,1011,1034,1012
2.270856,0.669198,0.088389,1170,1059,1069
2.268162,0.672588,0.079116,1171,1071,1078
2.271294,0.664968,0.1073952,1172,1173,1174
2.286078,0.695298,0.1197438,1175,1174,1176
2.286042,0.683262,0.1185828,1177,1176,1178
2.273322,0.680994,0.0919626,1179,1172,1175
2.286516,0.671496,0.1393452,1180,1175,1177
2.304504,0.623184,0.287352,1181,1177,1182
2.306502,0.649116,0.2703876,1183,1182,1184
2.327538,0.618156,0.2377236,1182,1178,1185
2.334564,0.645858,0.2280858,1186,1022,1023
2.331594,0.669792,0.2061678,1186,1023,1026
2.31399,0.682728,0.173763,1176,1174,1026
2.298828,0.690126,0.148134,1178,1176,1026
2.29158,0.685296,0.1478352,1187,1185,1178
2.30664,0.675528,0.1732362,1187,1178,1026
2.312232,0.655398,0.2052234,1187,1026,1025
2.310252,0.636672,0.2228832,1188,1189,1190
2.289822,0.665634,0.1751568,1191,1190,1192
2.307342,0.584748,0.3078732,1193,1194,1179
2.3106,0.620634,0.2383554,1195,1193,1180
2.292726,0.65127,0.1980054,1196,1195,1181
2.286066,0.634314,0.2232162,1197,1196,1183
2.274312,0.613356,0.2384934,1198,1199,1200
2.27376,0.61815,0.2146656,1199,1198,1201
2.273172,0.630282,0.1890606,1194,1193,1199
2.274678,0.641298,0.1512444,1193,1195,1200
2.27415,0.653202,0.1281018,1195,1196,1191
2.268696,0.604344,0.2061756,1196,1197,1188
2.26554,0.607608,0.1725012,1201,1198,1202
2.267166,0.622908,0.1398792,1203,1204,1202
2.269026,0.637266,0.116922,1192,1190,1205
2.275914,0.577668,0.205821,1198,1205,1203
2.270208,0.57633,0.1693698,1205,1206,1207
2.271834,0.594552,0.1322436,1203,1207,1208
2.26641,0.61389,0.107448,1208,1209,1210
2.263602,0.642522,0.0884658,1190,1189,1211
2.263404,0.653028,0.0797274,1211,1206,1205
2.314356,0.566202,0.2986452,1212,1213,1207
2.295252,0.56529,0.308664,1213,1214,1208
2.3082,0.605664,0.2418444,1214,1215,1209
2.327676,0.60789,0.2439996,1216,1217,1213
2.29866,0.593178,0.2456424,1213,1217,1218
2.254128,0.523902,0.3104952,1218,1219,1215
2.158788,0.681744,0.4499958,1211,1220,1221
2.177562,0.695688,0.44968893,1211,1221,1212
2.213286,0.583638,0.3221004,1222,1216,1212
1.8133674,-0.14382,0.6724566,1223,1224,1216
1.78218,-0.168642,0.6833796,1224,1225,1217
1.7654904,-0.20061,0.6782046,1225,1226,1218
1.8474408,-0.130542,0.648489,1227,1228,1224
1.812558,-0.195918,0.6629322,1228,1229,1225
1.8734826,-0.141228,0.6184854,1229,1230,1226
1.842474,-0.190584,0.6455718,1231,1232,1233
1.840821,-0.223092,0.6368856,1228,1234,1231
1.8818454,-0.1842,0.5973606,1231,1234,1232
1.8070464,-0.233238,0.651369,1228,1227,1235
1.7524428,-0.237072,0.6673554,1235,1236,1234
1.7985348,-0.253782,0.644445,1236,1237,1232
1.7891454,-0.28032,0.628224,1237,1238,1233
1.7466318,-0.257982,0.657339,1238,1239,1240
1.7774418,-0.3171906,0.6000588,1240,1239,1241
1.7382186,-0.289866,0.640695,1229,1231,1242
1.833513,-0.275262,0.616047,1242,1231,1243
1.8501204,-0.291198,0.5915394,1218,1226,1244
1.825716,-0.3085872,0.592785,1226,1230,1245
1.8682746,-0.264852,0.5875932,1230,1242,1246
1.8399402,-0.244536,0.6293346,1246,1242,1243
1.8928056,-0.157602,0.5908332,1243,1233,1240
1.9052976,-0.228978,0.5747502,1246,1243,1247
1.9316724,-0.184194,0.5534634,1247,1243,1240
1.8821046,-0.231198,0.593883,1240,1241,1248
1.9174086,-0.27021,0.5659296,1247,1240,1248
1.9289478,-0.229992,0.5563998,1249,1250,1251
1.9007856,-0.29226,0.572613,1251,1250,1252
1.8801924,-0.3190422,0.5764614,1245,1246,1251
1.8411252,-0.3366516,0.577818,1210,1209,1253
1.8165228,-0.3376698,0.580698,1209,1215,1254
1.7708646,-0.3328536,0.590511,1253,1255,1256
1.7258832,-0.327741,0.6232362,1253,1254,1255
1.9504824,-0.230964,0.5325294,1245,1257,1258
1.958769,-0.187152,0.525306,1258,1219,1244
1.9410426,-0.282456,0.537819,1215,1219,1258
1.922862,-0.3102534,0.5438922,1254,1258,1255
1.895562,-0.3401826,0.5458416,1258,1259,1255
1.849044,-0.3594582,0.5521704,1257,1252,1259
1.8097278,-0.3594426,0.5531388,1220,1025,1027
1.7692326,-0.3572052,0.5640276,1260,1027,1261
1.717578,-0.3564642,0.5970072,1260,1261,1262
1.9257924,0.000822,0.602841,1260,1220,1027
1.8995448,-0.029628,0.6243858,1261,1027,1028
1.9378614,-0.068484,0.5880504,1262,1261,1028
1.9657224,-0.047418,0.5634504,1239,1263,1264
1.9457166,-0.106914,0.5640402,1265,1266,1267
1.923174,-0.08817,0.5961522,1265,1268,1266
1.8868314,-0.074928,0.6279912,1238,1269,1263
1.8760506,-0.099798,0.6270654,1269,1270,1271
1.8683646,-0.08328,0.6630384,1272,1265,1271
1.9674864,-0.125424,0.5406096,1220,1260,1273
1.98141,-0.14112,0.5192232,1274,1273,1275
1.99776,-0.120816,0.5199792,1221,1220,1222
1.983378,-0.099306,0.5364648,1222,1220,1223
1.1591916,-0.3567396,0.6788016,1223,1220,1274
1.0343202,-0.3654594,0.6934758,1227,1223,1274
1.0640136,-0.4012206,0.6677832,1227,1274,1235
1.1509608,-0.4059528,0.597297,1273,1260,1262
1.1551026,-0.3845766,0.6616494,1274,1276,1277
1.305408,-0.3413808,0.627837,1236,1235,1277
1.14606,-0.4158708,0.5513826,1237,1236,1278
1.3028742,-0.369567,0.5563116,1269,1238,1237
1.6443744,-0.6704232,0.7002282,1269,1279,1280
1.6303302,-0.6721266,0.693801,1279,1278,1281
1.634628,-0.722487,0.7108872,1277,1282,1281
1.6944228,-0.6555666,0.6882708,1276,1283,1282
1.673349,-0.660957,0.6854436,1272,1270,1280
1.681503,-0.703944,0.7012914,1280,1281,1284
1.7032644,-0.655617,0.6680796,1273,1262,1285
1.7104824,-0.7002306,0.7000854,1276,1275,1286
1.634763,-0.737523,0.707277,1281,1282,1287
1.653618,-0.7182186,0.710268,1282,1283,1288
1.6312374,-0.7624272,0.7089588,1283,1286,1289
1.6525656,-0.7552146,0.704394,1290,1288,1289
1.6550544,-0.7673862,0.6967902,1287,1288,1290
1.734873,-0.7346454,0.6752478,1284,1287,1291
1.720038,-0.7016988,0.6732822,1272,1284,1292
1.6600452,-0.661719,0.688911,1265,1272,1293
1.664703,-0.7122726,0.7136826,1294,1290,1289
1.6270602,-0.7332648,0.6702168,1291,1290,1294
1.6279122,-0.766728,0.663687,1292,1291,1295
1.6365552,-0.7617108,0.6353232,1293,1292,1296
1.6256958,-0.6772362,0.6680004,1297,1268,1293
1.6351194,-0.6637212,0.6448896,1295,1294,1298
1.645593,-0.7262454,0.637143,1296,1295,1299
1.6997046,-0.7431222,0.7050258,1297,1296,1300
1.7290416,-0.7400916,0.7004742,1268,1297,1301
1.6780062,-0.749571,0.7129872,1266,1268,1302
1.6665174,-0.7535244,0.7108158,1303,1267,1266
1.7051868,-0.6912354,0.6516738,1285,1304,1305
1.667133,-0.7184778,0.627201,1305,1304,1162
1.6904526,-0.6989028,0.6359634,1285,1262,1161
1.7043276,-0.7420806,0.6401262,1262,1028,1021
1.7243202,-0.7370262,0.6569982,1255,1305,1166
1.674234,-0.6586218,0.635667,1286,1275,1306
1.6628532,-0.6564,0.6372564,1275,1307,1306
0.425472,-0.4119432,0.6937428,1306,1307,1308
0.452706,-0.3924264,0.6482562,1289,1286,1306
0.490482,-0.3376512,0.6841968,1289,1306,1298
0.40401,-0.4416846,0.7157214,1307,1275,1285
0.465144,-0.3453108,0.7113282,1285,1305,1308
0.379512,-0.4364766,0.7365762,1298,1306,1308
0.444534,-0.3509604,0.736788,1081,1085,166
0.35133,-0.4318194,0.7430616,1092,1088,1087
0.418746,-0.3471864,0.7454706,1061,1060,1062
0.32088,-0.4231998,0.7377186,1111,1139,1044
0.39429,-0.3339462,0.7485576,1159,1047,1046
0.250548,-0.4040982,0.651666,984,982,983
0.252666,-0.4036596,0.6888606,162,160,955
0.2856,-0.3308592,0.684888,955,940,947
0.297816,-0.299082,0.6843408,942,943,163
0.29355,-0.299256,0.6416472,981,956,955
0.279978,-0.3310872,0.6279654,155,950,945
0.33537,-0.5408616,0.7270734,943,950,155
0.339426,-0.6141798,0.7299378,954,960,942
0.361584,-0.613545,0.7268748,993,985,1009
0.337572,-0.4961292,0.7348014,978,969,963
0.364296,-0.5358444,0.7237644,1248,1241,1264
0.369714,-0.4960206,0.7312836,1264,1267,1303
0.327534,-0.4943226,0.733365,1308,1255,1259
0.307866,-0.5477094,0.7149864,1298,1259,1252
0.31587,-0.6162084,0.7207386,1299,1252,1250
0.295776,-0.4870548,0.715899,1300,1250,1249
0.287718,-0.4172484,0.7080414,1301,1249,1248
0.279414,-0.54786,0.701358,1303,1302,1248
0.290544,-0.6187422,0.7026432,1255,1167,1309
0.26286,-0.4874754,0.6964962,493,1149,1148
0.376362,-0.6051504,0.7089744,506,1256,1309
0.380424,-0.5386242,0.710331,506,1309,1168
0.39042,-0.4929288,0.70995,504,1168,1165
0.41085,-0.4540152,0.6822534,502,1165,1153
0.387378,-0.5047728,0.6770244,500,1153,1151
0.374304,-0.5493384,0.6838956,498,1151,1150
0.370074,-0.6021456,0.6882438,496,1150,1149
0.371718,-0.5083482,0.6637632,1202,1204,510
0.391866,-0.4613994,0.6553944,1310,1311,1202
0.35046,-0.5087532,0.652713,512,487,1202
0.364938,-0.4546284,0.6403056,1312,1256,506
0.315402,-0.503355,0.6511998,1312,506,508
0.326592,-0.427458,0.6353334,1210,1312,508
0.320016,-0.5557182,0.6670374,1210,508,510
0.31878,-0.6139392,0.6764718,1204,1210,510
0.34431,-0.5552682,0.6695238,1308,1305,1255
0.301782,-0.35652,0.620187,384,284,304
0.345534,-0.3843678,0.6188904,292,305,304
0.281562,-0.4215834,0.6343578,803,924,805
0.270606,-0.4857504,0.6546888,929,924,803
0.292608,-0.5538162,0.6688842,1267,1264,1263
0.303612,-0.6122334,0.6778998,1313,1314,1315
0.259746,-0.4881546,0.673407,1316,1313,1317
0.273414,-0.5612112,0.6789978,1318,1316,1319
0.283998,-0.6175602,0.6893076,1320,1321,1318
1.7009508,-0.525561,0.6862236,1322,1320,1319
1.6865142,-0.5896254,0.6866442,1323,1322,1317
1.6926396,-0.589281,0.6696774,1324,1322,1323
1.7082954,-0.4807542,0.6909552,1325,1324,1326
1.7113182,-0.5186898,0.6645702,1327,1325,1328
1.7105412,-0.4023024,0.691233,1329,1325,1327
1.717446,-0.4802862,0.6654774,1330,1329,1331
1.7143626,-0.3556974,0.7057956,1332,1329,1330
1.718877,-0.397806,0.6681594,1333,1329,1332
1.6354374,-0.5953062,0.6928836,1325,1329,1333
1.619928,-0.6027438,0.6858534,1320,1322,1324
1.628238,-0.5390262,0.7023972,1321,1320,1333
1.6119432,-0.5410866,0.6958032,1334,1318,1321
1.6307826,-0.4949466,0.7069062,1335,1336,1337
1.6056216,-0.4901148,0.7048014,1337,1332,1335
1.6300206,-0.4166484,0.715566,1338,1339,1335
1.5918894,-0.421425,0.7107342,1336,1335,1339
1.6123452,-0.373365,0.7285944,1340,1338,1332
1.5836298,-0.3727644,0.7182378,1341,1340,1332
1.595418,-0.5394282,0.6830028,1342,1341,1330
1.5803388,-0.491379,0.68469,1343,1342,1331
1.5748938,-0.416397,0.6971238,1344,1343,1331
1.567464,-0.371844,0.7021728,1345,1344,1327
1.6138332,-0.6048042,0.6732954,1346,1347,1336
1.5993768,-0.5376774,0.6583344,1348,1346,1339
1.5842478,-0.4883742,0.6579984,1349,1348,1338
1.5656808,-0.4191396,0.661476,1341,1350,1349
1.5598464,-0.35511,0.6358686,1351,1350,1341
1.61583,-0.5955576,0.6591456,1352,1351,1342
1.6195596,-0.5299596,0.6341646,1353,1352,1343
1.610517,-0.4872792,0.6323796,1354,1353,1344
1.5981756,-0.3935058,0.6310812,247,246,1347
1.5990066,-0.360048,0.6148236,248,247,1346
1.668879,-0.5913228,0.6974514,249,248,1348
1.6881708,-0.3679536,0.7215828,250,249,1349
1.6894296,-0.4034052,0.7138098,251,250,1350
1.683312,-0.4891518,0.7148202,252,251,1351
1.6800666,-0.5416872,0.705198,253,252,1352
1.652232,-0.5952192,0.6982422,254,253,1353
1.653237,-0.3564594,0.7380762,1355,1356,1357
1.6569192,-0.4027494,0.7207236,1357,1358,1355
1.662309,-0.4959252,0.7140474,1359,1358,1357
1.6567656,-0.5500338,0.7061922,1357,1360,1359
1.640388,-0.5850918,0.6365742,1361,1360,1357
1.631094,-0.3586356,0.6091998,1362,1316,1318
1.6361508,-0.3823446,0.6256428,1363,1316,1362
1.6380924,-0.4848828,0.6189624,1362,1361,1363
1.6447914,-0.5279334,0.6205758,1359,1360,1318
1.6975962,-0.659796,0.6543132,1336,1359,1334
1.659513,-0.5932776,0.6281214,1364,1359,1336
1.6908834,-0.5842536,0.643758,1347,1365,1364
1.6950864,-0.3582786,0.6120906,266,1365,1347
1.7026878,-0.4004802,0.6226464,1366,1365,266
1.6903386,-0.4711962,0.6279228,1321,1337,1336
1.7206596,-0.351003,0.677181,1321,1336,1334
1.6841682,-0.5087136,0.6332022,1360,1361,1362
1.7421972,-0.2646,0.6989454,1360,1362,1318
1.7343366,-0.3022338,0.6871284,1364,1367,1358
1.7311656,-0.271308,0.7292316,1366,1367,1364
1.723728,-0.31101,0.716121,1368,1369,1370
1.696023,-0.262884,0.7551408,1371,1372,1370
1.698012,-0.3266382,0.7327206,1373,1371,1374
1.6533114,-0.273534,0.7582092,283,282,1375
1.6524096,-0.3256494,0.748677,1376,1377,1378
1.5994908,-0.271932,0.7518882,1379,1380,1381
1.6023156,-0.3310074,0.740862,1382,1379,1383
1.5719208,-0.27744,0.7378284,1384,1385,1378
1.577004,-0.3223644,0.7326072,1386,1387,1384
1.5542904,-0.282204,0.7210758,1388,1387,1386
1.5606378,-0.3163284,0.708288,1389,1390,1383
1.5324432,-0.27714,0.673542,1391,1392,1381
1.5273252,-0.295806,0.6506718,1391,1376,1385
1.7517636,-0.236334,0.7077186,1386,1384,1393
1.7441226,-0.2298,0.731784,1388,1386,1394
1.7113632,-0.222282,0.7600998,150,1394,1395
1.662222,-0.225606,0.7677546,1395,1394,1393
1.6111548,-0.225666,0.7604436,1396,1397,1398
1.5790434,-0.23568,0.7521078,1399,1400,1383
1.5563058,-0.241692,0.7404228,1392,1401,1399
1.5225648,-0.238596,0.6919608,1402,1401,1392
1.7635704,-0.191256,0.718224,1388,1402,1387
1.60833,-0.193338,0.7634058,1402,1385,1384
1.6698288,-0.181548,0.7692144,1378,1393,1384
1.720221,-0.18435,0.7577328,1403,1390,1389
1.7467752,-0.190848,0.744543,1404,97,1395
1.5537798,-0.19902,0.7499022,1398,1404,1395
1.529709,-0.188184,0.7201182,1405,1406,97
1.5821196,-0.198804,0.7635732,1403,1407,1406
1.971723,0.58341,0.45904722,1408,1405,1404
2.031204,0.606576,0.46915302,1403,1405,1408
1.9789326,0.56817,0.49491684,1409,1404,1398
2.036028,0.597888,0.48919584,1410,1411,1412
1.984758,0.53097,0.528639,1413,1410,1414
2.042406,0.554892,0.5278266,1415,1413,1416
1.99224,0.493854,0.5396202,1417,1415,1418
2.058594,0.524514,0.5399772,1419,1417,1420
1.999836,0.456666,0.5505618,1421,1422,1423
2.069094,0.481902,0.5559972,1424,1425,1426
2.012478,0.381972,0.5723058,1427,1428,1429
2.094528,0.423276,0.5702478,1430,1427,1431
2.019486,0.301968,0.5822712,1417,1430,1432
2.109084,0.342336,0.5794458,1430,1433,1427
2.043558,0.197046,0.5820888,1419,1433,1430
2.117274,0.248808,0.5696862,1434,1435,1428
2.054436,0.132486,0.5731812,1436,1434,1427
2.13321,0.186798,0.5536056,1437,1436,1433
2.064546,0.10572,0.5591472,1438,1439,1435
2.13891,0.169716,0.545793,1440,1438,1434
2.069508,0.08145,0.5439846,1422,1440,1436
2.147772,0.151566,0.5314152,1431,1429,1441
2.085414,0.040104,0.5179722,1432,1431,1442
2.154558,0.132246,0.5136738,1415,1432,1443
2.105526,0.029712,0.499611,1410,1413,1444
2.164248,0.11004,0.49676232,1445,1444,1413
2.090532,0.631032,0.4771482,1446,1445,1443
2.161626,0.672492,0.48968202,1447,1446,1442
2.265768,0.22782,0.49904706,1448,1449,1444
2.204616,0.18765,0.5154192,1446,1448,1445
2.22207,0.176316,0.50225544,1450,1448,1446
2.261628,0.239838,0.529341,1450,1451,1449
2.197266,0.210228,0.5325048,1452,1453,1451
2.251854,0.273252,0.5560044,1454,1452,1450
2.193966,0.237684,0.552405,1455,1454,1456
2.244822,0.336948,0.5814246,1421,1426,1457
2.18703,0.287568,0.5720616,1458,1453,1459
2.230764,0.405198,0.5926968,1460,1459,1453
2.167086,0.375348,0.5871744,1461,1460,1452
2.203668,0.471942,0.5835168,1462,1461,1454
2.141496,0.449088,0.5765844,1463,1421,1459
2.202594,0.528618,0.5759814,1464,1463,1460
2.125506,0.511866,0.5589618,1465,1464,1461
2.184846,0.582564,0.5671632,1438,1440,1463
2.112456,0.551034,0.5521854,1439,1438,1464
2.169858,0.645582,0.5354382,1440,1422,1421
2.096118,0.585168,0.5339646,1423,1422,1437
2.16654,0.661272,0.5139828,1466,1467,1468
2.091036,0.618294,0.4977015,1469,1466,1470
2.059818,-0.039792,0.50325054,1471,1469,1472
1.800333,0.529206,0.50357946,1473,1471,1474
1.8941274,0.54549,0.4943538,1376,1475,1476
1.812468,0.497118,0.5403138,1475,1477,1478
1.9000578,0.508224,0.5280336,1477,1479,1480
1.8421062,0.454956,0.561864,1479,1481,1482
1.9099872,0.468918,0.5433156,1481,1483,1484
1.851321,0.401622,0.585504,1476,1478,1485
1.9204842,0.4263,0.5593356,1478,1480,1486
1.8734298,0.331002,0.603825,1480,1482,1487
1.9307784,0.351282,0.5808252,1482,1484,1488
1.9026498,0.250326,0.6128334,1489,1485,1490
1.9556664,0.269136,0.5862228,1485,1486,1491
1.9194636,0.186018,0.6238812,1486,1487,1492
1.985478,0.16701,0.6018618,1487,1488,1493
1.9425348,0.133866,0.6222564,1494,1490,1495
1.9481232,0.084396,0.6199182,1490,1491,1496
2.005374,0.107238,0.5927928,1491,1492,1497
1.9568934,0.028176,0.5876616,1492,1493,1498
2.013264,0.067584,0.5709354,1382,1468,1467
2.022102,0.021288,0.5505408,1379,1467,1499
2.045076,-0.017598,0.5230818,1473,1500,1501
1.8845352,0.243762,0.640578,1471,1501,1502
1.9040304,0.167964,0.638613,1467,1466,1503
1.9139544,0.119922,0.6399672,1469,1502,1503
1.913949,0.073668,0.6397632,1504,1475,1376
1.9016082,0.027606,0.6399726,1380,1499,1504
1.8096618,0.390504,0.6080856,1505,1483,1481
1.832556,0.325812,0.6357804,1506,1481,1479
1.840821,0.323448,0.628401,1507,1479,1477
1.8485472,-0.082998,0.6978684,1508,1477,1475
1.8874794,-0.0354,0.6667014,1500,1505,1506
1.8620682,-0.049914,0.709527,1501,1506,1507
1.8906528,0.009738,0.6604248,1502,1507,1508
1.8654876,0.00687,0.7076652,1503,1508,1504
1.8990138,0.072204,0.6789918,1494,1509,1409
1.8765936,0.070284,0.7210428,1498,1510,1511
1.898307,0.119868,0.6858078,1497,1511,1512
1.881756,0.116478,0.718284,1496,1512,1513
1.8918114,0.16605,0.6746994,1396,1489,1494
1.8677544,0.180366,0.7041024,1514,1382,1390
1.864638,0.254712,0.6535644,1514,1408,1515
1.8556932,0.257316,0.6696264,1516,1515,1513
1.8482982,0.326418,0.62154,1409,1509,1515
1.7398446,0.526338,0.49767636,1495,1513,1515
1.7532336,0.499428,0.5403912,1514,1516,1468
1.7845356,0.431628,0.5944116,1510,1517,1518
1.796364,-0.135186,0.7180014,1511,1518,1519
1.7697966,-0.166668,0.7133676,1517,1520,1474
1.7231796,0.518934,0.50626692,1518,1474,1472
1.7303688,0.505884,0.5364342,1519,1472,1470
1.7550426,0.450474,0.5868696,1521,1470,1468
1.7751858,0.398706,0.6254388,1326,1522,1523
1.7966916,0.34392,0.650679,1522,1524,1525
1.810464,0.2688,0.692076,1524,1526,1527
1.823577,0.202086,0.7243596,1526,1528,1529
1.8358464,0.128208,0.7494168,1528,1530,1531
1.8372036,0.052686,0.7594938,1530,1532,1533
1.8245346,-0.002604,0.751194,1532,1534,1535
1.8211596,-0.04263,0.7492158,1534,1536,1537
1.8065628,-0.094608,0.7258722,1323,1538,1522
1.7084118,-0.11322,0.7651308,1538,1539,1524
1.6539396,0.52653,0.49697838,1539,1540,1526
1.7336382,-0.032508,0.7831686,1540,1541,1528
1.7408724,0.012312,0.7880274,1541,1542,1530
1.7423322,0.047322,0.7926582,1542,1543,1532
1.7264394,0.136866,0.783108,1543,1544,1534
1.7110302,0.201954,0.752676,1544,1545,1536
1.6984674,0.280932,0.7193556,1354,1345,1520
1.6937904,0.360888,0.6779346,1531,1483,1505
1.6676562,0.445554,0.617211,1529,1505,1500
1.6577382,0.489942,0.5567838,1527,1500,1473
1.6515936,0.515394,0.518592,1525,1473,1520
1.2350088,0.50736,0.49251276,1328,1523,1520
1.37102394,0.48624,0.5245074,1546,1538,1323
1.2386274,0.484002,0.5263488,1547,1542,1541
1.3678635,0.452874,0.5721384,1548,1541,1540
1.2523044,0.457734,0.563742,1549,1540,1539
1.377059928,0.380664,0.6352848,1550,1539,1538
1.2567024,0.40536,0.6165516,1488,1535,1537
1.4026095,0.32247,0.681168,1544,1551,1552
1.240254,0.361896,0.6668754,1483,1531,1533
1.41953412,0.26181,0.7143078,1484,1533,1535
1.2595254,0.269652,0.7373004,1542,1547,1553
1.4242818,0.16245,0.7636452,1543,1553,1551
1.3184844,0.155568,0.7817946,459,1554,1555
1.42124292,0.11358,0.776121,1554,1556,1557
1.3184556,0.10116,0.7993878,1556,1558,1559
1.427178,0.073254,0.782244,1558,1560,1561
1.3125654,0.056472,0.808809,1560,1562,1563
1.4254959,0.035202,0.787158,1562,1564,1565
1.3193124,0.012162,0.8124456,1564,1566,1567
1.42984932,-0.019524,0.7787898,1566,1568,1569
1.3205004,-0.041448,0.8105574,1568,1570,1571
1.43360754,-0.07698,0.7516062,1570,1572,1573
1.32149982,-0.105474,0.8021124,1572,1574,1575
1.42680762,-0.106944,0.741717,1574,1576,1577
1.3154352,-0.166266,0.7816146,1576,1578,1579
1.42446942,-0.174696,0.7197246,1578,485,538
1.3199574,-0.23775,0.7401138,1580,1581,1310
1.42882812,-0.22119,0.6936066,491,490,1582
1.316202,-0.28623,0.6959286,1583,1584,1582
1.42200426,-0.259806,0.66984,1583,1582,1585
1.3183518,-0.310608,0.6523074,1586,1585,1587
1.4199015,-0.280836,0.642627,1588,1587,1589
1.41725382,-0.3228984,0.6023904,1590,1589,1591
1.41733032,-0.334602,0.560964,1592,1591,1593
1.0278234,0.510036,0.49922358,1594,1593,1595
1.1172702,0.507966,0.49004292,1596,1595,1597
1.0283736,0.496044,0.5217972,1598,1597,1599
1.1052312,0.492282,0.5205066,1600,1599,1601
1.0101588,0.481272,0.5672046,1602,1601,1581
1.110264,0.475908,0.5529222,1603,1366,268
1.0177524,0.455934,0.6195492,516,515,1604
1.1283708,0.451086,0.594015,1605,1604,1606
0.9974214,0.41451,0.6512898,1607,1606,1608
1.1249328,0.407244,0.6351612,1609,1608,1610
0.9350154,0.380424,0.6715716,1611,1610,1612
1.0684362,0.32778,0.7068402,1613,1612,1614
0.9195516,0.3003,0.7531602,1615,1614,1616
1.1453916,0.183192,0.8060514,1617,1616,1618
0.9768552,0.177828,0.8380944,1617,1618,1619
1.177323,0.105198,0.8393922,1620,1619,1621
1.005135,0.109362,0.869031,1622,1621,1358
1.1806428,0.062706,0.8528652,1623,1358,1367
1.0338924,0.023742,0.894927,1624,1367,1366
1.1848746,0.002424,0.8580888,1555,1580,489
1.0347492,-0.092058,0.9,1578,1603,514
1.1786328,-0.070908,0.8669094,1554,459,516
1.0422822,-0.179748,0.8852418,1554,516,1605
1.1814258,-0.158088,0.8497836,1556,1605,1607
1.046997,-0.253722,0.8477958,1558,1607,1609
1.1648628,-0.240582,0.8190054,1560,1609,1611
1.0372056,-0.3081402,0.7972758,1562,1611,1613
1.1568306,-0.294312,0.7772694,1564,1613,1615
1.0367058,-0.3334596,0.7588512,1566,1615,1617
1.1567352,-0.3216234,0.7376022,1568,1617,1620
0.8543574,0.526674,0.48530694,1570,1620,1622
0.9393708,0.51492,0.49017846,1572,1622,1623
0.8511708,0.513978,0.5230068,1574,1623,1624
0.9233016,0.505638,0.5275032,1576,1624,1603
0.8339418,0.50007,0.5859546,538,491,1584
0.9066732,0.487194,0.5933442,1579,1584,1583
0.821847,0.48876,0.6418698,1577,1583,1586
0.8991858,0.461082,0.6512904,1573,1575,1586
0.804561,0.467424,0.6887868,1573,1586,1588
0.8807982,0.430212,0.6667788,1571,1588,1590
0.765504,0.432234,0.7277622,1569,1590,1592
0.837606,0.377232,0.7004268,1567,1592,1594
0.765138,0.360462,0.7544358,1565,1594,1596
0.858273,0.320832,0.7418322,1563,1596,1598
0.791154,0.293382,0.777663,1561,1598,1600
0.8722482,0.27564,0.7817172,1559,1600,1602
0.8040744,0.21372,0.8076336,1557,1602,1580
0.8794446,0.174096,0.8353548,1621,1355,1358
0.7845288,0.140166,0.8308722,1614,1625,1626
0.8909268,0.105588,0.8608512,1616,1626,1627
0.7818522,0.055542,0.8496378,1618,1627,1628
0.89724,-0.02865,0.8970486,1629,1356,1355
0.8067672,-0.12285,0.860817,1621,1619,1629
0.8909508,-0.16806,0.8819442,1619,1628,1629
0.8118792,-0.188988,0.8339316,1630,1631,1632
0.8951658,-0.240066,0.845733,1313,1316,1363
0.8049552,-0.236352,0.7962264,1633,1363,1634
0.9110112,-0.291378,0.8079408,1635,1634,1636
0.803553,-0.264966,0.7443558,1637,1636,1638
0.9239292,-0.3190662,0.7590924,1639,1638,1640
1.6096416,-0.116466,0.7797594,1641,1640,1642
1.610721,-0.164946,0.7696266,1643,1642,1644
1.5626706,0.523602,0.5088174,1645,1644,1632
1.5683124,0.510936,0.5263764,1356,1634,1363
1.5718302,0.490134,0.5560866,1646,1630,1632
1.573896,0.454308,0.6049818,1646,1632,1644
1.5771174,0.41487,0.6460038,1625,1644,1642
1.591284,0.310122,0.7116042,1626,1642,1640
1.5943308,0.26589,0.7325172,1627,1640,1638
1.606992,0.173094,0.7600734,1628,1638,1636
1.6120038,0.121314,0.7705476,1629,1636,1634
1.6150002,0.067074,0.7795476,1612,1646,1625
1.6160052,0.011784,0.7850304,515,561,1647
1.6198326,-0.046506,0.7914972,1604,1647,1648
1.4911356,-0.28998,0.629508,1606,1648,1649
1.496034,-0.3242184,0.6025644,1608,1649,1630
1.4994348,-0.3434196,0.5649228,1610,1630,1646
1.498311,-0.260286,0.6676788,1650,1651,1314
1.5390558,-0.087384,0.7425864,1647,1652,1653
1.5072486,-0.183714,0.7149186,1648,1653,1654
1.5012078,-0.225138,0.686592,1649,1654,1655
0.9237414,-0.346932,0.6878214,1630,1655,1656
0.8145834,0.529986,0.48541554,1631,1656,1657
0.8065458,0.517866,0.520788,1645,1657,1658
0.8009232,0.505272,0.5899824,1643,1658,1659
0.7882704,0.499758,0.640995,1641,1659,1660
0.757392,0.476538,0.7098198,1639,1660,1661
0.720468,0.429918,0.7444566,1637,1661,1662
0.717318,0.348612,0.762489,1635,1662,1663
0.697824,0.235752,0.7698762,1633,1663,1650
0.7008,0.181596,0.7789272,1546,1315,1314
0.696894,0.138012,0.7917864,1664,1651,1650
0.70107,0.070794,0.8126544,1664,1650,1663
0.69903,-0.01278,0.8206314,1665,1652,858
0.689772,-0.081102,0.7927362,1666,1663,1662
0.704304,-0.141918,0.7604076,1667,1662,1661
0.711006,-0.188082,0.7345434,1667,1661,1660
0.7305,0.535128,0.48213618,1668,1660,1659
0.722418,0.524256,0.5154852,1669,1659,1658
0.714402,0.520794,0.564738,1670,1658,1657
0.665472,0.489672,0.6632802,1671,1657,1656
0.647916,0.429024,0.7314414,1672,1656,1655
0.652074,0.361884,0.7523622,1673,1655,1654
0.643272,0.276372,0.7564962,1674,1654,1653
0.638904,0.206784,0.7646766,1675,1653,1652
0.641292,0.17091,0.7765572,593,1676,1677
0.664632,0.123564,0.7950474,1676,1678,1679
0.674022,0.071958,0.8112366,1678,1680,1681
0.65997,-0.010938,0.8142072,1680,1682,1683
0.637986,-0.077172,0.78792,1682,1684,1685
0.633582,-0.137892,0.744684,1684,1686,1687
0.635358,-0.169698,0.7221258,1686,1688,1689
0.638052,-0.17874,0.7050246,1688,1690,1691
0.704466,-0.207984,0.6995124,1690,1692,1693
0.858867,-0.3231708,0.6841848,1692,1694,1695
0.790593,-0.280704,0.6865158,1694,1696,1697
0.8143386,-0.292518,0.6900408,1696,1698,1699
0.625836,0.542724,0.48660108,1698,1700,1701
0.620394,0.535374,0.5106354,1700,1702,1703
0.610512,0.525642,0.5645616,1702,1704,1705
0.601356,0.491214,0.6629982,1704,1706,1707
0.592458,0.420594,0.736086,1706,1373,1708
0.568584,0.343044,0.7597524,1373,1375,1709
0.568002,0.265158,0.7684116,1375,282,717
0.579102,0.206706,0.7775154,629,1710,1711
0.604992,0.162858,0.7866822,1710,1712,1713
0.628266,0.116898,0.8031204,1712,1714,1715
0.629754,0.066918,0.8234226,1714,1716,1717
0.597264,-0.037356,0.822108,1716,1718,1719
0.573798,-0.120498,0.7853784,1718,1720,1721
0.56964,-0.185058,0.7483794,1720,1722,1723
0.567714,-0.209268,0.7263084,1722,1724,1725
0.565782,-0.233478,0.7042368,1724,1726,1727
0.468912,0.565824,0.46776762,1726,1728,1729
0.462444,0.556878,0.50787168,1728,1730,1731
0.460926,0.544752,0.5545086,1730,1732,1733
0.457716,0.523944,0.609924,1732,1734,1735
0.457122,0.478992,0.6816846,1734,1736,1737
0.465732,0.395736,0.7437114,1736,1738,1739
0.495528,0.282924,0.7811892,1738,1369,1368
0.505092,0.23562,0.7858098,661,1740,1741
0.509106,0.209802,0.7868568,1740,1742,1743
0.521586,0.14154,0.7982514,1742,1744,1745
0.532266,0.082638,0.8126844,1744,1746,1747
0.537198,0.033282,0.8190612,1746,1748,1749
0.54561,-0.048462,0.813684,1748,1750,1751
0.533028,-0.155544,0.7817976,1750,1752,1753
0.496992,-0.258426,0.7586838,1752,1754,1755
0.368358,0.582672,0.46351764,1754,1756,1757
0.36186,0.55683,0.50749392,1756,1758,1759
0.362484,0.550188,0.5460504,1758,1760,1761
0.353562,0.535242,0.5995218,1760,1762,1763
0.359748,0.500292,0.6574866,1762,1764,1765
0.374748,0.4485,0.6989688,1764,1766,1767
0.40083,0.353832,0.7477824,1766,1768,1769
0.428466,0.261876,0.7697772,1664,1770,1771
0.437778,0.18594,0.773805,582,693,1772
0.438732,0.131904,0.7772646,1665,1772,1773
0.46518,0.082254,0.7913382,1675,1773,1774
0.475146,-0.001986,0.8043186,1674,1774,1775
0.48384,-0.073302,0.805506,1673,1775,1776
0.48162,-0.172968,0.783567,1672,1776,1777
0.454932,-0.259368,0.7648416,1671,1777,1778
0.244944,0.507666,0.5338794,1671,1778,1779
0.28758,0.540738,0.5505342,1670,1779,1780
0.242976,0.480768,0.5856,1669,1780,1781
0.27783,0.518538,0.5967324,1668,1781,1782
0.24672,0.444936,0.6117072,1667,1782,1783
0.292806,0.484842,0.6324036,1666,1783,1770
0.256446,0.402552,0.636405,1549,1550,1546
0.30885,0.440802,0.6758634,1664,1546,1651
0.265458,0.35433,0.6517878,1664,1771,1547
0.317664,0.37815,0.6909366,1664,1547,1548
0.282126,0.26505,0.6843378,1664,1548,1549
0.33045,0.272892,0.7107624,1517,1510,711
0.301236,0.162378,0.7112154,1537,1784,1785
0.352632,0.182916,0.7369224,1493,1785,1786
0.315966,0.108252,0.7286232,254,1354,1517
0.370596,0.121278,0.7581108,1786,709,711
0.340026,0.056964,0.7445424,1510,1498,711
0.389928,0.070422,0.7716102,1536,1787,1784
0.355656,-0.031884,0.7574442,1552,1788,1789
0.406974,-0.029454,0.788958,1552,1789,1790
0.35694,-0.114756,0.7515384,1545,1790,1787
0.40854,-0.101904,0.7896186,1553,1547,1771
0.350118,-0.202194,0.7316832,1553,1771,1770
0.398892,-0.203268,0.7725198,1770,1783,1788
0.342672,-0.271194,0.7147584,1551,1770,1788
0.386982,-0.272532,0.7498242,594,1772,693
0.332424,-0.3105228,0.7048644,717,709,1786
0.3657,-0.3190608,0.7385388,1709,1786,1785
0.188004,0.482328,0.5280792,1708,1785,1784
0.197796,0.449868,0.5646396,1707,1784,1787
0.201324,0.41919,0.5826246,1705,1787,1790
0.209124,0.376938,0.6017364,1703,1790,1789
0.213162,0.33045,0.6127152,1701,1789,1788
0.22824,0.256194,0.6345588,1697,1699,1788
0.248958,0.169218,0.6740418,1697,1788,1783
0.270192,0.103908,0.6928758,1695,1783,1782
0.285756,0.031944,0.7018998,1693,1782,1781
0.305598,-0.050262,0.7102968,1691,1781,1780
0.320688,-0.118902,0.7185912,1689,1780,1779
0.319428,-0.197082,0.7043406,1687,1779,1778
0.309,-0.249444,0.6920868,1685,1778,1777
0.194682,0.419322,0.50600544,1681,1683,1777
0.19683,0.398544,0.5215386,1681,1777,1776
0.198354,0.367956,0.5338002,1679,1776,1775
0.204552,0.33813,0.5465376,1677,1775,1774
0.206688,0.308676,0.5480616,1677,1774,1773
0.21543,0.247356,0.5611614,594,1773,1772
0.23154,0.163926,0.5887206,630,1711,1676
0.244818,0.099018,0.6136038,1711,1713,1678
0.261198,0.028638,0.6435306,1713,1715,1680
0.274854,-0.02889,0.6474318,1715,1717,1682
0.307368,-0.131382,0.6599784,1717,1719,1684
0.524472,-0.283338,0.7056012,1719,1721,1686
0.291924,-0.3437718,0.6937614,1721,1723,1688
0.432234,-0.4136544,0.6385122,1723,1725,1690
0.347286,-0.6068508,0.6744564,1725,1727,1692
0.313152,-0.6841872,0.7378218,1727,1729,1694
0.297678,-0.685893,0.7313928,1729,1731,1696
0.302412,-0.736251,0.7484784,1731,1733,1698
0.368316,-0.6693336,0.7258644,1733,1735,1700
0.34509,-0.6747234,0.7230372,1735,1737,1702
0.354072,-0.7177104,0.7388826,1737,1739,1704
0.37806,-0.669381,0.7056732,1739,1368,1706
0.386016,-0.7139946,0.737679,1368,1372,1373
0.302562,-0.75129,0.7448712,1372,1371,1373
0.323346,-0.7319826,0.7478616,662,1741,1710
0.298674,-0.7761912,0.746553,1741,1743,1712
0.322182,-0.7689786,0.7419876,1743,1745,1714
0.32493,-0.7811532,0.7343808,1745,1747,1716
0.41289,-0.7484124,0.7128414,1747,1749,1718
0.396546,-0.7154652,0.7108758,1749,1751,1720
0.330426,-0.6754854,0.7265046,1751,1753,1722
0.335562,-0.7260396,0.7512738,1753,1755,1724
0.294072,-0.7470288,0.707811,1755,1757,1726
0.295014,-0.780492,0.7012812,1757,1759,1728
0.304536,-0.7754772,0.6729168,1759,1761,1730
0.292572,-0.6910026,0.7055946,1761,1763,1732
0.302958,-0.6774852,0.6824814,1763,1765,1734
0.314496,-0.7400094,0.6747342,1765,1767,1736
0.374136,-0.7568862,0.742617,1767,1769,1738
0.406464,-0.7538556,0.7380678,1769,1791,1369
0.35022,-0.7633344,0.7505808,1357,1356,1361
0.33756,-0.7672914,0.7484094,1349,1340,1341
0.380178,-0.7049994,0.6892674,1552,1551,1788
0.338238,-0.7322442,0.6647946,720,1792,1740
0.363936,-0.7126692,0.673557,1792,1793,1742
0.37923,-0.7558446,0.6777174,1793,1794,1744
0.401262,-0.7507902,0.6945918,1794,1795,1746
0.346062,-0.6723858,0.6732606,1795,1796,1748
0.333522,-0.6701664,0.67485,1796,1797,1750
0.371814,-0.6735624,0.6919044,1797,1798,1752
0.3084,-0.245406,0.6575184,1798,1799,1754
0.31596,-0.188844,0.6668472,1799,1800,1756
0.272466,-0.01977,0.6274866,1800,1801,1758
0.229482,0.283512,0.5263074,1801,1802,1760
0.2352,0.248376,0.524226,1802,1803,1762
0.240462,0.178926,0.5351676,1803,1804,1764
0.2457,0.101358,0.5638272,1804,1805,1766
0.257886,0.041262,0.5945184,1805,1806,1768
0.217398,0.303042,0.450002976,736,1807,1792
0.15864,0.012006,0.45507078,1807,1808,1793
0.1662,0.101712,0.46286514,1808,1809,1794
0.163236,0.101376,0.450003174,1809,1810,1795
0.159048,0.193704,0.46405536,1810,1811,1796
0.147708,0.327456,0.46524828,1811,1812,1797
0.154722,0.453312,0.46643838,1812,1813,1798
0.197544,0.534834,0.46762842,1813,1814,1799
0.258168,0.58074,0.4688184,1814,1815,1800
0.319392,0.59235,0.47000832,1815,1816,1801
0.169308,0.011664,0.46361622,1816,1817,1802
0.174294,0.102624,0.47228082,1817,1818,1803
0.16785,0.1947,0.47434386,1818,1819,1804
0.157266,0.32844,0.4764069,1819,1820,1805
0.165072,0.452856,0.47846988,1820,1821,1806
0.207594,0.5301,0.48053268,1821,1822,1823
0.264468,0.57069,0.48259548,1769,1768,1824
0.32223,0.5808,0.48465828,1806,1823,1825
0.18387,0.011202,0.4667451,1768,1825,1826
0.185358,0.103866,0.47572968,1768,1826,1824
0.179874,0.196062,0.47811276,753,1827,1807
0.170322,0.329784,0.48049578,1827,1828,1808
0.179208,0.452232,0.4828788,1828,1829,1809
0.221322,0.523632,0.485259,1829,1830,1810
0.273066,0.556962,0.48764184,1830,1831,1811
0.198432,0.01074,0.46362414,1831,1832,1812
0.196416,0.105108,0.47228868,1832,1833,1813
0.191898,0.197418,0.47435172,1833,1834,1814
0.183384,0.331128,0.4764174,1834,1835,1815
0.19335,0.451602,0.47848032,1835,1836,1816
0.235056,0.517164,0.48054312,1836,1837,1817
0.281676,0.543234,0.48260604,1837,1838,1818
0.2091,0.010398,0.4550838,1838,1839,1819
0.204516,0.106014,0.46287822,1839,1840,1820
0.200706,0.198414,0.46407108,1840,1841,1821
0.192948,0.332112,0.4652613,1841,1842,1822
0.203706,0.45114,0.46645404,770,1843,1827
0.245112,0.512424,0.46764678,1843,1844,1828
0.287976,0.533178,0.46883946,1844,1845,1829
0.213012,0.010272,0.443414628,1845,1846,1830
0.207486,0.10635,0.450018882,1846,1847,1831
0.209118,0.010398,0.43174284,1847,1848,1832
0.204522,0.10602,0.43715424,1848,1849,1833
0.198456,0.010734,0.42319206,1849,1850,1834
0.196434,0.105108,0.42773328,1850,1851,1835
0.183894,0.011202,0.42005532,1851,1852,1836
0.185376,0.103866,0.42427644,1852,1853,1837
0.169332,0.011664,0.42317094,1853,1854,1838
0.174312,0.102624,0.42770958,1854,1855,1839
0.158664,0.012006,0.431706,1855,1856,1840
0.166212,0.101712,0.43711476,1856,1857,1841
0.15474,0.012132,0.443401644,786,1858,1843
2.435058,0.559542,0.6121566,1858,1859,1844
2.481336,0.604584,0.6015054,1859,1860,1845
2.456736,0.596562,0.6187452,1860,1861,1846
2.496108,0.59352,0.5883768,1861,1862,1847
2.461692,0.552324,0.6134712,1862,1863,1848
2.48367,0.548778,0.602172,1863,1864,1849
2.496102,0.549738,0.5877288,1864,1865,1850
2.473962,0.536976,0.605481,1865,1866,1851
2.48865,0.533568,0.5963928,1866,1867,1852
2.493804,0.5397,0.5837664,1867,1868,1853
2.501316,0.558012,0.5725074,1868,1869,1854
2.489022,0.605088,0.5822112,1869,1870,1855
2.476728,0.613326,0.590889,1870,1871,1856
2.503602,0.585144,0.5772072,1871,1872,1857
2.466972,0.615936,0.5928042,1872,1418,1416
2.452272,0.614508,0.6023598,802,1873,1874
2.444946,0.622182,0.60633,1873,1875,1876
2.432574,0.60141,0.6177132,1875,1877,1878
2.464578,0.633042,0.5935818,1877,1879,1880
2.479218,0.632328,0.586623,1879,1881,1882
2.498934,0.618888,0.5738352,1881,1883,1884
2.513502,0.591648,0.5695344,1883,1885,1886
2.518392,0.564738,0.5673708,1885,1887,1888
2.506302,0.545274,0.56658,1887,1889,1890
2.49615,0.527664,0.5849856,1889,1891,1892
2.481384,0.521538,0.5973876,1891,1893,1894
2.464218,0.52248,0.6066576,1893,1895,1896
2.459304,0.542286,0.6095088,1895,1897,1898
2.449674,0.537456,0.6097524,1897,1899,1900
2.52099,0.561432,0.5579922,831,1901,1873
2.523516,0.580668,0.556191,1901,1902,1875
2.513682,0.5349,0.5603886,1902,1903,1877
2.503542,0.522132,0.5784186,1903,1904,1879
2.476602,0.506676,0.593928,1904,1905,1881
2.461962,0.507378,0.6007944,1905,1906,1883
2.43279,0.517764,0.6063852,1906,1907,1885
2.51607,0.598248,0.5616846,1907,1908,1887
2.506398,0.617952,0.5643402,1908,1909,1889
2.481882,0.638832,0.5787834,1909,1910,1891
2.467044,0.642372,0.5902494,1910,1911,1893
2.42661,0.60048,0.612471,1911,1912,1895
2.44746,0.628914,0.600855,1912,1913,1897
2.43015,0.55977,0.6144126,1913,1424,1899
2.418312,0.529578,0.6025134,845,1914,1901
2.430594,0.638352,0.5970648,1914,1915,1902
2.455266,0.653256,0.576771,1915,1916,1903
2.470218,0.649248,0.5604732,1916,1917,1904
2.49723,0.63027,0.5411178,1917,1918,1905
2.514384,0.605028,0.5318058,1918,1919,1906
2.523966,0.578808,0.536955,1919,1920,1907
2.526222,0.55497,0.5418006,1920,1921,1908
2.418162,0.554574,0.6097578,1921,1922,1909
2.454096,0.660408,0.5250534,1922,1923,1910
2.429376,0.67005,0.5478516,1923,1924,1911
2.490726,0.629718,0.5094456,1898,1872,1871
2.517378,0.60246,0.50533302,1896,1871,1870
2.531922,0.575784,0.50585664,1894,1870,1869
2.538678,0.546132,0.5259126,1892,1869,1868
2.533512,0.515688,0.5384016,1890,1868,1867
2.525646,0.49158,0.5648556,1888,1867,1866
2.49375,0.459492,0.5842506,1886,1866,1865
2.444976,0.451578,0.6009156,1884,1865,1864
2.479062,0.455226,0.5892018,1882,1864,1863
2.423088,0.459258,0.6045444,1880,1863,1862
2.396574,0.495612,0.6028074,1878,1862,1861
2.415804,0.603186,0.6098826,1876,1861,1860
2.379666,0.549066,0.6021252,1414,1857,1416
2.374806,0.588012,0.6031278,1842,1841,1857
2.402178,0.660582,0.574833,1412,1925,1857
2.382264,0.626112,0.5947356,1512,1519,1521
2.539722,0.57582,0.4817301,561,858,1652
2.556168,0.538962,0.50270916,1418,1872,1420
2.555646,0.49482,0.523998,1899,1437,1419
2.559966,0.44346,0.5460006,1898,1900,1420
2.413422,0.442392,0.605952,1424,1423,1926
2.381928,0.486192,0.605865,1899,1926,1437
2.391564,0.462114,0.6084174,1927,1411,1444
2.382114,0.534096,0.5987502,1411,1410,1444
2.360172,0.508362,0.6080022,1928,1456,1446
2.348226,0.558882,0.6028392,1929,1930,1931
2.348334,0.597456,0.5991102,1932,1933,1934
2.401752,0.688548,0.48705474,1935,1932,1936
2.386566,0.693948,0.5177568,1937,1938,1931
2.358738,0.676914,0.5673636,1939,1940,1937
2.33682,0.641286,0.5751822,1941,1940,1939
2.55732,0.424686,0.5526336,1942,1943,1936
2.540166,0.389058,0.5605608,1944,1945,1934
2.486484,0.389046,0.5836212,1944,1929,1938
2.435238,0.422448,0.6011142,1939,1937,1946
2.583228,0.53685,0.48162948,1941,1939,1947
2.609856,0.507702,0.48267144,151,1947,1948
2.59698,0.46956,0.5152452,1948,1947,1946
2.599644,0.490326,0.5035395,1949,1950,1951
2.58672,0.432948,0.5379726,1952,1953,1936
2.576838,0.411714,0.5446752,1945,1954,1952
2.567232,0.375144,0.5431098,1955,1954,1945
2.564544,0.358974,0.5518824,1941,1955,1940
2.496102,0.36957,0.5833356,1955,1938,1937
2.427846,0.386568,0.6068034,1931,1946,1937
2.403486,0.401922,0.614514,1931,1930,1949
2.371932,0.431772,0.6205596,1956,1943,1942
2.3478,0.468132,0.6189732,1957,132,1948
2.355384,0.53244,0.6055632,1951,1957,1948
2.335998,0.530322,0.6078066,1958,1959,132
2.333544,0.556992,0.6075606,1956,1960,1959
2.658276,0.470868,0.4800846,1961,1958,1957
2.648082,0.458328,0.50048712,1956,1958,1961
2.63799,0.442854,0.5162928,1962,1957,1951
2.62311,0.417732,0.533016,1963,1935,1943
2.610906,0.396354,0.5371926,1428,1933,1932
2.60355,0.372516,0.5417178,1465,1949,1930
2.601036,0.35802,0.5430612,1439,1930,1929
2.69148,0.441666,0.50549634,1435,1929,1944
2.694486,0.449142,0.48302556,1428,1944,1933
2.680002,0.45858,0.47929104,1935,1441,1429
2.669466,0.4308,0.5181864,1949,1465,1462
2.659356,0.410508,0.5345556,1950,1462,1455
2.686122,0.421824,0.5267136,1962,1455,1928
2.678598,0.401154,0.5382978,1961,1928,1447
2.676078,0.370008,0.5436432,1963,1447,1441
2.647266,0.388668,0.5338998,1424,1913,1964
2.678148,0.461322,0.45024594,1911,1924,1965
2.679516,0.446034,0.49991568,1912,1965,1964
2.651904,0.372492,0.5428422,1924,1923,1966
2.62515,0.355872,0.5463174,1918,1967,1968
2.73285,0.428442,0.49558062,1919,1968,1969
2.740308,0.427512,0.48618066,1920,1969,1970
2.721018,0.43956,0.48456738,1921,1970,1971
2.757318,0.412536,0.4831443,1922,1971,1966
2.74728,0.413934,0.49732086,1967,1918,1972
2.71338,0.43635,0.50163738,1914,845,900
2.762274,0.387762,0.4783809,1915,1914,900
2.74548,0.340926,0.4703697,1915,900,901
2.74263,0.33312,0.49048122,1916,901,902
2.752644,0.355788,0.47388198,1917,902,1972
2.725158,0.325644,0.5126166,1973,1974,1975
2.732328,0.342888,0.515994,1974,1976,905
2.710086,0.34722,0.5344842,1976,1977,907
2.749734,0.348312,0.49645068,1977,1978,909
2.752056,0.368022,0.499479,1978,1979,911
2.67843,0.340968,0.5441142,1979,1980,913
2.700348,0.342864,0.5395596,1980,1981,939
2.680824,0.351012,0.548079,1982,1983,1974
2.65653,0.351492,0.5523474,1983,1984,1976
2.622804,0.328968,0.5439846,1984,1985,1977
2.676132,0.32847,0.54039,1985,1986,1978
2.651754,0.338988,0.548568,1986,1987,1979
2.639844,0.321192,0.5402526,1987,1988,1980
2.651886,0.326256,0.5425296,1988,1989,1981
2.61324,0.318606,0.5374914,1990,1991,1983
2.610792,0.335946,0.540639,1991,1992,1984
2.62542,0.310932,0.5336376,1992,1993,1985
2.598654,0.33855,0.5424984,1993,1994,1986
2.597118,0.296118,0.50522952,1994,1995,1987
2.596338,0.321216,0.5392398,1995,1996,1988
2.633592,0.29034,0.4969695,1988,1996,1989
2.642796,0.30423,0.5152638,1997,1998,1991
2.657874,0.28749,0.49293066,1998,1999,1992
2.667132,0.301152,0.5088552,1999,2000,1993
2.684658,0.286542,0.48388254,2000,2001,1994
2.696292,0.305406,0.50424,2001,2002,1995
2.562156,0.33714,0.5515494,2002,2003,1996
2.577378,0.302364,0.5188086,2004,2005,1998
2.557422,0.319566,0.5457702,2005,2006,1999
2.709198,0.294702,0.46911876,2006,2007,2000
2.719404,0.312078,0.450245784,2007,2008,2001
2.723478,0.307656,0.47785998,2008,2009,2002
2.648712,0.282702,0.4688757,2009,2010,2003
2.617092,0.28611,0.47747694,2011,2012,2005
2.563824,0.28638,0.4787043,2012,936,2006
2.592684,0.287058,0.48657798,936,935,2007
2.568228,0.288234,0.49804884,935,937,2008
2.550546,0.30591,0.5299938,937,802,2009
2.53455,0.28002,0.48830268,802,938,2010
2.488644,0.272844,0.48793254,2013,2014,2012
2.538954,0.281886,0.50774508,2014,931,936
2.497422,0.27633,0.5242542,2015,2016,2014
2.42214,0.26574,0.5381718,2016,926,931
2.499516,0.302268,0.541314,2017,2018,2016
2.426568,0.29436,0.5573232,2018,921,926
2.501226,0.344094,0.5712774,2019,2020,2018
2.503914,0.313554,0.5572626,2020,915,921
2.430384,0.342096,0.5990118,2021,2022,2020
2.430816,0.313458,0.5798784,2022,904,915
2.38401,0.366054,0.6199224,2023,1975,2022
2.365044,0.332928,0.6032622,1975,905,904
2.339502,0.286884,0.5536368,1996,1859,1989
2.34396,0.30561,0.5713524,786,939,1981
2.322012,0.313518,0.5773506,1858,1981,1989
2.410932,0.257184,0.49979766,1859,1858,1989
2.328768,0.2472,0.49407186,1996,1874,1859
2.318388,0.255288,0.527016,1874,1860,1859
2.291034,0.287376,0.5573424,188,190,2024
2.352564,0.395448,0.6212316,2025,2026,189
2.312592,0.30303,0.5684826,183,182,2027
2.27115,0.328752,0.5820636,2028,2029,185
2.307126,0.346998,0.5956794,2030,184,185
2.28021,0.419094,0.612387,2031,2029,2028
2.256438,0.40284,0.593985,2032,2030,2029
2.330838,0.361116,0.6167748,2032,2033,2030
2.299332,0.427218,0.6218058,2033,2034,2030
2.32098,0.44937,0.6249504,2027,2035,2036
2.340714,0.501636,0.61308,2027,2037,2035
2.316384,0.50718,0.6192504,2034,2037,2027
2.31411,0.538002,0.6114348,2038,2039,2026
2.314362,0.566202,0.6013452,2024,2026,2039
2.297316,0.5301,0.6044418,2039,2040,2041
2.292474,0.501198,0.6071238,2038,2042,2040
2.26584,0.488946,0.6052992,2036,2043,2042
2.25168,0.4779,0.5914962,2035,2044,2043
2.273184,0.527424,0.6017496,2037,2045,2044
2.254134,0.523902,0.5894964,2034,2046,2045
2.324352,0.744636,0.48710796,2034,2047,2046
2.353458,0.72966,0.48444444,2048,2047,2034
2.32164,0.74604,0.50154894,2049,2048,2033
2.350218,0.725952,0.5211846,2049,2032,2031
2.323626,0.747666,0.5184678,2050,2031,2051
2.28333,0.747024,0.4859232,2052,2051,2024
2.287584,0.746754,0.50796018,2053,2054,2046
2.289786,0.750282,0.519822,2055,2053,2046
2.28933,0.749772,0.539286,2056,2055,2047
2.347506,0.72204,0.5311632,2057,2056,2048
2.320716,0.740088,0.5409492,2057,2049,2050
2.342472,0.723204,0.5430864,2058,2050,2052
2.359254,0.701592,0.5455674,2059,2052,2024
2.254572,0.69984,0.5748834,2060,2061,2044
2.257176,0.726048,0.5700162,2044,2061,2062
2.250522,0.725724,0.5407122,2043,2062,2063
2.245392,0.69315,0.5558934,2040,2042,2063
2.248422,0.72456,0.5286222,2064,2040,2065
2.256156,0.741936,0.50769846,2041,2064,2066
2.260722,0.738264,0.5203116,2067,2024,2066
2.260494,0.7392,0.5299758,2064,2065,2068
2.26485,0.741282,0.5516904,2063,2069,2068
2.24148,0.728232,0.5159532,2062,2070,2069
2.233836,0.703104,0.5328462,2061,2071,2070
2.243262,0.696594,0.5409684,2060,2072,2071
2.240214,0.730554,0.44973366,2054,2073,2072
2.19957,0.668178,0.547581,2074,2073,2054
2.223732,0.682896,0.5491122,2055,2074,2053
2.240514,0.68595,0.5564778,2067,2066,2075
2.25432,0.67164,0.5849736,2076,2077,2069
2.2251,0.665148,0.592194,2071,2078,2076
2.196228,0.628362,0.5878116,2072,2079,2078
2.20839,0.654792,0.585537,2073,2080,2079
2.263938,0.679296,0.5892396,2074,2081,2080
2.236674,0.662394,0.6145458,2082,2081,2074
2.263512,0.666522,0.607497,2083,2082,2055
2.21499,0.650148,0.6128346,2084,2083,2056
2.205342,0.630444,0.6096372,2084,2057,2058
2.245638,0.658224,0.6468294,2085,2086,2058
2.27244,0.664476,0.6370848,2085,2058,2059
2.219382,0.625332,0.63237,2087,2059,2067
2.231358,0.645258,0.6379926,2088,2067,2075
2.290134,0.671106,0.6052776,2075,2089,2090
2.312298,0.659796,0.5898558,2090,2089,2091
2.289894,0.66483,0.6155454,2089,2068,2092
2.27934,0.671166,0.656022,2091,2089,2093
2.294466,0.663528,0.6279282,2079,1011,1169
2.254734,0.660774,0.6734898,2080,2094,1011
2.24034,0.640608,0.665346,2081,2095,2094
2.290782,0.683616,0.684267,2082,2096,2095
2.30601,0.67305,0.651579,2097,2096,2082
2.261544,0.669828,0.6921936,2083,2097,2082
2.249598,0.642468,0.6848994,2098,2087,2088
2.274948,0.693714,0.738804,2099,2100,2088
2.260866,0.670254,0.7213212,2099,2088,2101
2.250198,0.652278,0.7616616,2102,2101,2090
2.285178,0.698922,0.7167216,2090,2091,2103
2.315028,0.688116,0.6820026,2091,2093,2104
2.304228,0.702444,0.7289754,2076,1022,2105
2.29425,0.705978,0.7405524,2077,2105,2106
2.27889,0.71217,0.7784478,2092,2106,2107
2.2587,0.703638,0.815259,2093,2092,2107
2.259558,0.687882,0.7779558,2104,2093,2108
2.246154,0.681204,0.8341704,2109,2097,2083
2.249226,0.668514,0.803892,2110,2109,2084
2.246346,0.645726,0.7184784,2111,2110,2086
2.23101,0.62235,0.6523518,2112,2111,2085
2.239782,0.623466,0.6889014,2098,2112,2087
2.239176,0.628392,0.7151064,2095,2113,1034
2.24358,0.588852,0.7336734,2113,1035,1034
2.240382,0.61911,0.7695222,2114,1036,1035
2.255754,0.637416,0.8337468,2114,2113,2095
2.26113,0.601122,0.8106858,2115,2116,2095
2.274054,0.556212,0.773991,2117,2115,2096
2.24214,0.582522,0.692916,2118,2117,2097
2.187084,0.628404,0.5632914,2119,2118,2109
2.213292,0.583638,0.5778906,2120,2119,2110
2.22498,0.582798,0.5952756,2121,2120,2110
2.2587,0.561636,0.602985,2121,2111,2112
2.229288,0.587586,0.6192168,2122,2112,2098
2.238438,0.589908,0.6435072,2123,2098,2100
2.273556,0.543462,0.6925422,2124,2100,2099
2.267634,0.545526,0.7384206,2125,2099,2102
2.324448,0.620616,0.586653,2102,2126,2127
2.317062,0.628518,0.5929896,2126,2103,2128
2.314584,0.606588,0.592662,2129,1051,1036
2.273196,0.693732,0.8141616,2130,2129,2114
2.270862,0.669198,0.8116008,2131,2130,2116
2.278614,0.671928,0.7896036,2132,2131,2115
2.273328,0.680994,0.8080278,2133,2132,2117
2.2713,0.664968,0.7925952,2134,2133,2118
2.286084,0.695298,0.780246,2135,2134,2119
2.286048,0.683262,0.7814076,2136,2137,2138
2.286522,0.671496,0.7606452,2139,2140,2141
2.306508,0.649116,0.6296028,2142,2141,2140
2.30451,0.623184,0.6126384,2143,2142,2144
2.33457,0.645858,0.6719046,2129,2138,2145
2.313996,0.682728,0.7262274,2146,2138,2129
2.298834,0.690126,0.7518564,2131,2139,2146
2.291586,0.685296,0.7521552,2140,2139,2131
2.312238,0.655398,0.694767,2144,2140,2132
2.3316,0.669792,0.6938226,2147,2144,2133
2.310258,0.636672,0.6771072,2148,2147,2134
2.306646,0.675528,0.7267536,2149,2150,2151
2.327544,0.618156,0.6622668,2152,1074,1171
2.289828,0.665634,0.7248336,2153,2152,2150
2.292732,0.65127,0.7019844,2151,1077,1170
2.310606,0.620634,0.6616344,2154,2151,2137
2.286072,0.634314,0.6767736,199,2154,2136
2.274318,0.613356,0.661497,201,2149,2154
2.273766,0.61815,0.6853248,202,2153,2149
2.273178,0.630282,0.7109298,2153,2155,2152
2.274684,0.641298,0.748746,2155,1079,1074
2.274156,0.653202,0.7718886,202,2155,2153
2.268702,0.604344,0.6938148,1080,1079,2155
2.265546,0.607608,0.7274892,2156,1082,1080
2.267172,0.622908,0.7601106,2157,2156,2158
2.269032,0.637266,0.7830684,2159,2160,2161
2.270214,0.57633,0.7306206,2162,2163,193
2.27184,0.594552,0.7677468,2157,2162,2160
2.266416,0.61389,0.7925424,193,203,2161
2.263608,0.642522,0.8115246,203,196,2143
2.26341,0.653028,0.820263,196,200,2142
2.268168,0.672588,0.8208738,200,199,2141
2.295258,0.56529,0.5913264,2164,2165,2166
2.307348,0.584748,0.5921172,2165,2161,2143
2.308206,0.605664,0.658146,2166,2143,2147
2.327682,0.60789,0.6559902,2148,2167,2147
2.298666,0.593178,0.654348,2168,2167,2148
2.27592,0.577668,0.6941688,2164,2166,2167
2.442348,0.598338,0.6109662,2169,2164,2170
2.26071,0.673524,0.8303694,2167,2168,2170
2.249646,0.554016,0.5743284,2171,2172,2170
2.188314,0.684162,0.5117112,2168,2148,2135
0.380196,-0.4033554,0.623418,2173,2168,2174
0.301776,-0.35652,0.279819,2173,2171,2168
0.308394,-0.245406,0.2424864,2173,2175,2171
2.289324,0.749772,0.3607044,2176,2174,2135
2.698056,0.327534,0.5313264,2173,2174,2176
0.240786,0.112572,0.3604794,2177,2175,2173
0.236316,0.12003,0.450002904,2177,2173,2178
0.238386,0.185502,0.450002898,2179,2180,2175
0.23244,0.235704,0.450002922,2181,2182,2180
0.240792,0.112572,0.5395266,2183,2184,2182
0.197814,-0.189834,0.47613168,2176,2135,2120
0.20349,-0.083868,0.47051922,2178,2176,2185
0.197316,-0.139038,0.47345244,2186,2177,2178
1.7339322,-0.7707246,0.1673088,2186,2178,2187
1.7498016,-0.7670874,0.1910994,2188,1115,2189
1.76232,-0.7727982,0.2148876,2183,2188,2190
0.411852,-0.784488,0.1297278,1118,1115,2188
0.429342,-0.7808514,0.1535184,2191,1118,2188
0.443136,-0.7865616,0.177306,2191,1120,1118
1.7339346,-0.7707246,0.7326858,2192,2191,2183
1.6969092,-0.7690314,0.7317234,1123,1122,2193
1.749804,-0.7670874,0.7088952,2194,2192,2181
1.7623212,-0.7727982,0.6851076,2195,2194,2179
1.754421,-0.7742364,0.6616608,2193,1122,1127
0.411858,-0.784488,0.770277,1129,1120,2191
0.371052,-0.7827984,0.769317,1127,1129,2192
0.429348,-0.7808514,0.7464864,2193,2192,2194
0.443142,-0.7865616,0.7226982,2195,2193,2194
0.434436,-0.7880004,0.6992544,2195,2177,2186
2.728908,0.3321,0.450245748,2195,2186,2196
2.73573,0.328896,0.42868134,2197,2193,2195
2.730672,0.32286,0.41606274,1131,1123,2197
2.698638,0.3153,0.39425856,2198,2197,2199
2.676816,0.31341,0.38970174,2198,2200,2201
2.65005,0.31389,0.3854886,1135,1131,2198
2.735736,0.328896,0.47130594,2199,2196,2202
2.730678,0.32286,0.48392466,2200,2202,2203
2.698644,0.3153,0.50572908,2187,2185,2204
2.676822,0.31341,0.5102862,2202,2196,2187
2.650056,0.31389,0.5144994,2204,2121,2122
2.32479,0.745812,0.3254352,2205,2204,2206
2.341638,0.731532,0.3212724,2202,2205,2207
2.35119,0.70992,0.3189606,2206,2122,2123
2.350944,0.681708,0.3089658,2207,2206,2208
2.2851,0.688908,0.2868834,2203,2207,2209
2.316858,0.67806,0.2972514,2210,2211,2212
2.261388,0.733206,0.3062628,1148,1135,2213
2.266068,0.712062,0.2992296,2214,2213,2201
2.273784,0.744072,0.3191772,2215,2201,2210
2.293242,0.756096,0.5801016,2216,2215,2210
2.324796,0.745812,0.5745552,2203,2211,2210
2.341644,0.731532,0.578718,2209,2208,2217
2.351196,0.70992,0.5810298,2216,2218,2219
2.35095,0.681708,0.5910246,2212,2220,2219
2.316864,0.67806,0.602739,2220,2221,2222
2.285106,0.688908,0.6131064,2211,2209,2212
2.266074,0.712062,0.6007602,2209,2223,2220
2.261394,0.733206,0.5937276,2223,2224,2221
2.27379,0.744072,0.5808126,2217,2225,2224
2.293236,0.756096,0.3198888,2124,2125,2225
0.186516,-0.08568,0.47261136,2125,2226,2227
0.189468,-0.167988,0.47564502,2226,2127,2228
0.188328,-0.240072,0.47939808,2127,2128,2229
0.206112,-0.239664,0.47070174,2227,2228,2230
0.185688,-0.299664,0.476703,2225,2227,2231
0.21321,-0.266634,0.465129,2224,2231,2232
0.164562,-0.3500004,0.47156676,2221,2232,2233
0.228474,-0.3120228,0.4223985,2231,2230,2234
0.201732,-0.359109,0.41952624,2232,2234,2235
0.146904,-0.4009302,0.454660848,2078,1169,1022
0.163272,-0.4105728,0.41982528,2094,1034,1011
0.176394,-0.081396,0.46699902,2137,1170,2145
0.169266,-0.149364,0.47625084,2150,1171,1077
0.159372,-0.197622,0.48075768,1173,1172,2236
0.14844,-0.271692,0.4892319,2237,2236,2238
0.140658,-0.3313062,0.48945138,2239,2238,2240
0.113868,-0.3770862,0.4844739,1172,1179,2241
0.089562,-0.4237866,0.48178146,2236,2241,2242
0.165894,-0.076296,0.46470072,2238,2242,2243
0.144108,-0.144588,0.47422494,2240,2243,2244
0.13119,-0.192966,0.48724566,2245,2240,2246
0.124656,-0.247398,0.49344258,2105,1022,1186
0.112926,-0.3118218,0.49077396,1186,1173,2237
0.077094,-0.3818154,0.49386858,2106,2237,2239
0.063018,-0.4466148,0.49102542,2106,2239,2245
0.145368,-0.10446,0.47060148,2245,2247,2248
0.123702,-0.155838,0.47626152,2106,2245,2248
0.110052,-0.213972,0.4860555,2107,2106,2248
0.083718,-0.263052,0.48194022,2249,2250,2251
0.06921,-0.3607224,0.48999126,2252,2251,2253
0.039156,-0.4379052,0.4970055,1194,2254,2241
0.135768,-0.085254,0.45988188,2254,2255,2242
0.099204,-0.188694,0.47924244,2255,2256,2243
0.057708,-0.262812,0.46848852,2256,2257,2244
0.057306,-0.3276672,0.47950968,2258,2259,2260
0.035994,-0.3992766,0.48976392,2259,2258,2261
0.010704,-0.4462494,0.50104434,2254,1194,2261
0.12444,-0.084834,0.446192064,2255,2254,2258
0.088164,-0.16968,0.45432252,2256,2255,2253
0.05607,-0.246588,0.45584076,2257,2256,2251
0.029622,-0.3475458,0.46506354,2259,1201,1311
0.005736,-0.4225224,0.4846092,2262,2263,2259
0,-0.471027,0.50017686,2252,2260,2259
0.13857,-0.080478,0.41157072,2263,2264,2259
0.106608,-0.169932,0.40531308,2265,2264,2263
0.060702,-0.245082,0.42248904,2266,2263,2262
0.051078,-0.3183468,0.41148906,2267,2268,2262
0.030282,-0.385719,0.43847472,2269,2249,2252
0.015522,-0.458514,0.46206432,2265,2269,2252
0.14157,-0.0972,0.40684962,2270,2271,2265
0.121044,-0.192696,0.39085086,2272,2270,2266
0.088308,-0.290652,0.3793434,2273,2272,2268
0.064506,-0.3793638,0.39317598,2274,2275,2271
0.045684,-0.4138344,0.42358668,2274,2270,2272
0.024936,-0.4531872,0.45662112,2276,2277,2272
0.151332,-0.13881,0.39785442,2278,2279,2269
0.139626,-0.224448,0.3735222,2278,2269,2265
0.117516,-0.3019062,0.3744558,2275,2280,2278
0.09858,-0.3743196,0.386955,2281,2282,2280
0.071424,-0.4163016,0.41280078,2283,2281,2275
0.03294,-0.4573686,0.45663432,2284,2283,2274
0.185988,-0.130962,0.41049936,2285,2286,2282
0.1767,-0.216138,0.386394,2287,2285,2281
0.165414,-0.265788,0.378642,2288,2287,2283
0.1179,-0.3526374,0.3771774,2289,2290,2291
0.123816,-0.4011282,0.40109712,2292,2285,2287
0.098064,-0.4417398,0.43907484,2289,2292,2290
0.066996,-0.4548192,0.454581792,2293,2286,2285
0.231798,-0.1395,0.44051052,2294,2293,2285
2.328882,0.753804,0.2921442,2295,2294,2292
2.345688,0.739386,0.2903616,2296,2295,2289
2.307108,0.763482,0.293586,2297,2296,2298
2.342646,0.766494,0.2613816,2299,2297,2300
2.359722,0.751374,0.2668914,2290,2287,2288
2.328138,0.771564,0.2598162,2291,2290,2301
2.356854,0.774852,0.2497074,2284,2277,2276
2.371494,0.759972,0.25281,2288,2284,2302
2.344608,0.77802,0.2430264,2301,2288,2303
2.378382,0.778464,0.2374062,2291,2301,2304
2.385762,0.76809,0.2436006,2300,2298,2291
2.350374,0.720612,0.2835564,2291,2304,2305
2.36199,0.732276,0.262503,2300,2291,2306
2.37138,0.738498,0.248343,2307,2299,2300
2.390538,0.741648,0.2409318,2300,2306,2308
2.412246,0.749304,0.2362872,2309,2308,2306
2.407452,0.770916,0.2384904,2309,2305,2310
2.368572,0.781302,0.233124,2304,2303,2310
2.404848,0.783648,0.2325078,2267,2311,2312
2.42673,0.751254,0.2364192,2273,2267,2313
2.431644,0.771774,0.238395,2314,2313,2312
2.402256,0.78942,0.2233674,2314,2315,2313
2.426592,0.781854,0.2297778,2310,2303,2302
2.451036,0.755298,0.2411454,2302,2276,2316
2.45103,0.773892,0.2405502,2276,2273,2315
2.44851,0.783648,0.2343294,2314,2316,2315
2.445768,0.789342,0.222822,2314,2317,2316
2.523714,0.791856,0.2450892,2318,2310,2316
2.350362,0.696312,0.283599,2108,2107,2279
2.359332,0.713964,0.2511306,2319,2108,2320
2.318604,0.692886,0.2694618,2321,2319,2320
2.334852,0.70557,0.238734,2108,2279,2320
2.376144,0.726696,0.2446026,2104,2108,2319
2.351424,0.71676,0.222399,2104,2319,2321
2.392896,0.731976,0.2399424,2322,2297,2299
2.380446,0.72618,0.2250306,2323,2324,2325
2.414538,0.737508,0.2326056,2323,2326,2324
2.414142,0.736662,0.2155968,2327,2296,2297
2.43354,0.741366,0.2182224,2328,2327,2322
2.428962,0.740262,0.2303676,2324,2329,2328
2.460264,0.747978,0.2206662,2320,2279,2330
2.453208,0.744534,0.2326314,2331,2330,2332
2.36544,0.73572,0.2019966,2280,2279,2278
2.408946,0.738066,0.2012136,2282,2279,2280
2.435694,0.747186,0.2042202,2330,2279,2282
2.327058,0.72975,0.2144622,2330,2282,2286
2.303304,0.720696,0.2335602,2293,2330,2286
2.284788,0.699882,0.2733126,2321,2320,2331
2.46735,0.753228,0.2137656,2332,2330,2293
2.428236,0.761634,0.1984968,2293,2294,2333
2.459922,0.76554,0.205527,2294,2295,2334
2.396634,0.758574,0.1913298,2296,2327,2334
2.355618,0.755664,0.1968816,2334,2327,2328
2.324574,0.746844,0.2137794,2333,2334,2335
2.298504,0.737574,0.2353032,2336,2337,2333
2.270484,0.716292,0.280113,2338,2332,2337
2.296086,0.75918,0.2374512,2335,2328,2329
2.32452,0.766554,0.210807,2339,2335,2329
2.355672,0.7749,0.198741,2321,2331,2340
2.399052,0.778278,0.1882992,2340,2332,2338
2.27043,0.738462,0.2773782,2336,2339,2341
2.432964,0.77598,0.1925748,2338,2336,2342
2.462238,0.78192,0.2022606,2343,2338,2344
2.396892,0.78915,0.201555,2345,2344,2346
2.356092,0.78294,0.2165406,2344,2342,2347
2.327478,0.77919,0.2313864,2342,2341,2348
2.306118,0.772512,0.2506596,2341,2329,2349
2.280366,0.759366,0.2864418,2329,2324,2326
2.424012,0.789576,0.2209572,2345,2346,2350
2.428314,0.789096,0.2012898,2346,2347,2351
2.452728,0.790446,0.210621,2347,2348,2352
2.307114,0.763482,0.6064044,2348,2349,2353
2.328888,0.753804,0.6078462,2349,2326,2353
2.328144,0.771564,0.6401742,2350,2351,2354
2.345694,0.739386,0.6096288,2351,2352,2355
2.342652,0.766494,0.6386082,2352,2353,2356
2.344614,0.77802,0.656964,2353,2326,2357
2.3715,0.759972,0.6471804,2326,2323,2358
2.359728,0.751374,0.633099,2323,2359,2358
2.35686,0.774852,0.650283,2360,2229,2361
2.368578,0.781302,0.6668664,2229,2360,2230
2.385768,0.76809,0.6563898,2321,2361,2229
2.35038,0.720612,0.616434,2104,2321,2128
2.361996,0.732276,0.6374868,2360,2314,2234
2.371386,0.738498,0.6516474,2362,2340,2343
2.390544,0.741648,0.6590586,2362,2363,2340
2.407458,0.770916,0.6615,2364,2363,2362
2.378388,0.778464,0.6625842,2362,2343,2345
2.404854,0.783648,0.6674826,2362,2345,2350
2.402262,0.78942,0.676623,2361,2340,2363
2.412252,0.749304,0.6637032,2360,2361,2363
2.43165,0.771774,0.6615942,2364,2362,2365
2.426598,0.781854,0.6702114,2162,2158,2155
2.424018,0.789576,0.679032,2165,2164,2169
2.426736,0.751254,0.66357,2136,2146,2139
2.451036,0.773892,0.659439,2204,2185,2120
2.448516,0.783648,0.6656598,2124,2217,2208
2.445774,0.789342,0.6771672,2064,2089,2075
2.52372,0.791856,0.6549,190,189,2026
2.451042,0.755298,0.6588438,2051,2028,2024
2.350368,0.696312,0.6163914,2027,2025,192
2.31861,0.692886,0.6305286,2024,2366,2041
2.359338,0.713964,0.6488598,2034,182,184
2.334858,0.70557,0.6612564,182,2034,2027
2.37615,0.726696,0.6553872,2025,2036,2038
2.35143,0.71676,0.6775908,2069,2077,2092
2.392902,0.731976,0.6600474,2054,2060,2045
2.380452,0.72618,0.6749592,2367,2299,2307
2.414544,0.737508,0.6673848,2359,2367,2307
2.414148,0.736662,0.6843936,2314,2364,2365
2.428968,0.740262,0.6696216,2317,2365,2354
2.433546,0.741366,0.6817668,2318,2354,2355
2.453214,0.744534,0.6673578,2309,2355,2356
2.408952,0.738066,0.6987762,2308,2356,2357
2.4357,0.747186,0.6957684,2307,2357,2358
2.46027,0.747978,0.679323,2234,2314,2368
2.467356,0.753228,0.6862236,2214,1582,490
2.327064,0.72975,0.6855282,2235,2368,1595
2.30331,0.720696,0.6664296,2235,1595,1593
2.284794,0.699882,0.6266772,2233,1593,1591
2.459928,0.76554,0.6944622,2222,1591,1589
2.428242,0.761634,0.7014924,2219,1589,1587
2.39664,0.758574,0.7086606,2216,1587,1585
2.355624,0.755664,0.7031088,2215,1585,1582
2.365446,0.73572,0.6979938,2262,2369,1601
2.32458,0.746844,0.6862104,1311,1310,1581
2.29851,0.737574,0.6646866,2369,1581,1601
2.27049,0.716292,0.6198774,1595,2368,2312
2.324526,0.766554,0.6891834,1597,1595,2312
2.296092,0.75918,0.6625392,1597,2312,2311
2.355678,0.7749,0.7012494,1599,1597,2311
2.399058,0.778278,0.7116912,1599,2311,2262
2.270436,0.738462,0.6226122,2314,2360,2364
2.43297,0.77598,0.7074138,1377,1476,1489
2.462244,0.78192,0.6977286,1393,1378,1377
2.356098,0.78294,0.6834492,1874,1996,803
2.396898,0.78915,0.6984354,1996,2003,938
2.327484,0.77919,0.668604,2367,2359,2325
2.306124,0.772512,0.6493308,1451,2370,1927
2.280372,0.759366,0.613548,1453,1458,2370
2.42832,0.789096,0.6986994,2003,2010,938
2.452734,0.790446,0.6893682,934,929,938
0.887256,-0.389562,0.2576556,206,214,204
0.8514474,-0.3758196,0.2682084,208,206,205
0.8582922,-0.3553008,0.2386254,208,209,210
0.811875,-0.3776256,0.259848,206,208,211
0.887661,-0.4028076,0.2687874,214,206,212
0.8408226,-0.3855498,0.3024384,216,213,212
0.9187512,-0.4073862,0.2467242,218,216,215
0.9608706,-0.410274,0.2467392,221,219,217
0.9173544,-0.412311,0.3180882,225,223,220
0.8826066,-0.4063914,0.3248904,215,224,220
0.8306742,-0.3899166,0.3219282,224,215,212
0.806244,-0.3860448,0.2991006,225,224,211
0.809145,-0.392556,0.3572136,223,228,229
0.803805,-0.386973,0.330876,222,223,231
0.9186402,-0.420153,0.3514398,221,222,232
1.03731,-0.4273704,0.3473766,219,221,234
1.0355808,-0.4302108,0.449999952,218,219,235
0.9230076,-0.420933,0.450000366,229,227,237
0.8067072,-0.3939762,0.450000798,230,229,238
0.345528,-0.3843678,0.2811144,231,230,239
0.70446,-0.207984,0.20049,233,232,241
0.8143368,-0.292518,0.2099604,234,233,242
0.7905912,-0.280704,0.2134866,235,234,243
0.8588658,-0.3231708,0.2158164,236,235,244
0.27246,-0.01977,0.2725194,238,237,246
0.38019,-0.4033554,0.2765862,239,238,247
0.8514486,-0.3758196,0.6317928,240,239,248
0.8872572,-0.389562,0.6423456,241,240,249
0.8118762,-0.3776256,0.6401532,242,241,250
0.8582934,-0.3553008,0.6613758,243,242,251
0.8876622,-0.4028076,0.6312132,244,243,252
0.9187524,-0.4073862,0.653277,245,244,253
0.9608718,-0.410274,0.6532602,226,209,260
1.0266678,-0.411324,0.662433,227,264,265
0.9959958,-0.4057512,0.6666354,246,237,265
1.0322226,-0.4168998,0.5991252,268,266,265
0.9173556,-0.412311,0.581913,259,258,269
0.8408238,-0.3855498,0.5975628,265,264,269
0.8306754,-0.3899166,0.578073,276,274,271
0.8826078,-0.4063914,0.5751108,278,274,276
0.8062452,-0.3860448,0.6009006,281,279,277
0.8038062,-0.386973,0.5691252,279,281,282
0.8091462,-0.392556,0.5427876,286,292,284
0.9186414,-0.420153,0.5485614,289,307,287
1.0373112,-0.4273704,0.5526234,291,289,288
0.61518,-0.236604,0.1931958,297,289,291
0.638502,-0.228288,0.194322,287,307,298
0.557586,-0.291096,0.194307,298,286,285
0.604074,-0.28872,0.196764,300,305,293
0.635754,-0.285318,0.2011428,22,300,295
0.705918,-0.275304,0.2080752,21,301,300
0.723798,-0.277446,0.212643,302,305,300
0.536388,-0.3488364,0.2153442,305,302,303
0.587658,-0.3456972,0.2174496,307,289,297
0.63369,-0.3512778,0.2306574,307,306,308
0.705696,-0.3276618,0.2262906,286,298,308
0.705348,-0.3480588,0.2446404,294,293,286
0.72984,-0.3121446,0.2200644,311,296,291
0.754752,-0.310605,0.2282346,312,21,37
0.765312,-0.34935,0.2554158,313,37,311
0.736872,-0.3465144,0.2415384,315,312,313
0.7843602,-0.3762006,0.2895528,316,314,313
0.752244,-0.3594636,0.2898252,303,302,312
0.774006,-0.3754548,0.3172974,319,857,317
0.75897,-0.386706,0.3552756,321,319,318
0.75003,-0.3907392,0.450001008,323,321,320
0.699834,-0.4017336,0.450001194,325,323,322
0.70929,-0.404868,0.3424638,327,325,324
0.713586,-0.3791124,0.2896326,330,333,328
0.512286,-0.3929526,0.2591268,333,330,331
0.576252,-0.4019346,0.2748828,336,347,334
0.636996,-0.397296,0.2762892,338,336,335
0.677784,-0.4219884,0.343791,322,338,337
0.663798,-0.421962,0.3206886,324,337,339
0.639678,-0.4175688,0.30315,335,334,340
0.613458,-0.4317162,0.3169914,339,335,341
0.600186,-0.4336524,0.3320988,326,339,342
0.56289,-0.4337526,0.3255372,341,340,344
0.528822,-0.4387938,0.3193164,342,341,345
0.523422,-0.4293834,0.2991228,343,342,346
0.502014,-0.4228638,0.2888448,348,354,347
0.475698,-0.4257678,0.2928042,349,348,336
0.461748,-0.427458,0.2992266,320,349,338
0.459252,-0.4352736,0.3154368,349,320,350
0.465852,-0.4382514,0.3316734,348,349,351
0.410922,-0.4091262,0.450002262,354,348,352
0.484464,-0.4419012,0.342903,351,350,355
0.473154,-0.4281588,0.450002028,358,352,356
0.51363,-0.4431708,0.3358866,356,355,359
0.554844,-0.432414,0.450001728,357,359,360
0.607974,-0.4414224,0.3541362,358,357,361
0.630294,-0.4364106,0.3687144,364,358,362
0.622308,-0.4246068,0.450001482,365,2371,330
0.66108,-0.4333668,0.3589518,2371,365,360
0.350418,-0.3897762,0.3357894,361,360,365
0.299118,-0.360987,0.3337266,362,361,366
0.26547,-0.3305814,0.3425208,363,362,367
0.234846,-0.288744,0.350019,366,365,329
0.241182,-0.289944,0.2997084,367,366,369
0.213234,-0.239592,0.3617172,368,367,370
0.215454,-0.244284,0.3162756,370,369,346
0.20082,-0.190686,0.3652746,371,370,345
0.205752,-0.193248,0.327096,369,329,328
0.203442,-0.131016,0.362532,372,343,328
0.206304,-0.132204,0.331965,375,406,373
0.219306,-0.030726,0.360477,377,375,374
0.224766,-0.02967,0.3372126,379,377,376
0.23157,0.046056,0.3587946,381,379,378
0.242292,0.04449,0.3343644,284,384,382
0.228006,0.04812,0.450002934,384,386,383
0.20424,-0.128694,0.450003024,386,388,385
0.202866,-0.183186,0.45000303,388,390,387
0.21033,-0.240216,0.450003,390,394,389
0.244308,-0.299508,0.450002874,391,392,386
0.271926,-0.333306,0.450002772,392,393,388
0.310716,-0.3636876,0.450002628,393,395,390
0.353226,-0.3854892,0.450002472,395,399,394
0.397806,-0.4108032,0.3329484,396,397,392
0.21375,-0.03228,0.450002988,397,398,393
0.243072,-0.022038,0.3016686,398,400,395
0.231642,-0.131652,0.2782374,400,404,399
0.236892,-0.198534,0.2714136,401,402,397
0.252108,-0.25032,0.266904,402,403,398
0.26649,-0.128874,0.2574198,403,405,400
0.288396,-0.194382,0.2473506,405,418,404
0.664452,-0.4651818,0.333918,288,373,406
0.654534,-0.4651632,0.3175332,287,409,373
0.637428,-0.4620474,0.305097,378,408,407
0.618834,-0.4720794,0.3149124,376,410,408
0.609426,-0.4734522,0.3256242,409,416,374
0.614946,-0.4789638,0.341253,374,416,410
0.630774,-0.4754094,0.3515916,299,285,382
0.652608,-0.4732512,0.344667,299,411,409
0.514866,-0.477099,0.3165606,413,387,389
0.511038,-0.4704264,0.302241,414,385,387
0.495852,-0.4658034,0.2949516,415,383,385
0.477198,-0.4678638,0.2977608,411,382,383
0.467304,-0.4690614,0.302313,408,413,412
0.465534,-0.4746024,0.3138102,410,414,413
0.470208,-0.4767156,0.3253236,416,415,414
0.483414,-0.4793022,0.3332892,409,411,415
0.50409,-0.4802046,0.3283116,303,315,401
0.629514,-0.4999878,0.3524802,405,419,417
0.650814,-0.49788,0.3457248,403,420,419
0.614076,-0.5034528,0.3423954,402,424,420
0.608694,-0.4980786,0.3271506,303,396,391
0.617874,-0.49674,0.3167004,310,291,290
0.636006,-0.486954,0.3071256,421,422,314
0.652698,-0.489993,0.3192576,423,424,422
0.66237,-0.4900116,0.3352404,314,422,401
0.50064,-0.5046642,0.3297714,401,422,424
0.511152,-0.501636,0.3183084,290,406,421
0.480468,-0.5037858,0.3346248,419,426,425
0.467592,-0.5012604,0.3268572,420,427,426
0.463026,-0.4992,0.3156276,426,379,381
0.464754,-0.493794,0.304413,427,377,379
0.474402,-0.4926246,0.2999688,423,375,377
0.492606,-0.4906146,0.2972292,421,406,375
0.507414,-0.4951266,0.304341,218,430,428
0.634002,-0.5107392,0.3307602,430,432,429
0.48732,-0.513786,0.3149442,432,434,431
0.615186,-0.236604,0.7068078,434,436,433
0.638508,-0.228288,0.7056804,436,438,435
0.557592,-0.291096,0.7056966,438,440,437
0.60408,-0.28872,0.7032396,440,442,439
0.63576,-0.285318,0.698859,442,707,441
0.723804,-0.277446,0.6873594,216,428,443
0.705924,-0.275304,0.6919272,428,429,444
0.536394,-0.3488364,0.6846594,429,431,445
0.587664,-0.3456972,0.682554,431,433,446
0.705702,-0.3276618,0.6737118,433,435,447
0.633696,-0.3512778,0.669345,435,437,448
0.729846,-0.3121446,0.679938,437,439,449
0.765318,-0.34935,0.6445866,439,441,450
0.754758,-0.310605,0.6717678,425,381,236
0.736878,-0.3465144,0.658464,436,412,389
0.705354,-0.3480588,0.655362,434,407,412
0.7843614,-0.3762006,0.610449,432,380,407
0.75225,-0.3594636,0.6101766,430,381,380
0.774012,-0.3754548,0.5827044,236,381,430
0.758976,-0.386706,0.5447268,214,213,443
0.713592,-0.3791124,0.6103698,453,446,447
0.709296,-0.404868,0.5575386,454,445,446
0.512292,-0.3929526,0.6408762,455,444,445
0.576258,-0.4019346,0.6251208,451,443,444
0.637002,-0.397296,0.6237132,404,707,442
0.67779,-0.4219884,0.5562108,450,715,456
0.639684,-0.4175688,0.5968518,394,440,438
0.663804,-0.421962,0.5793138,399,442,440
0.613464,-0.4317162,0.5830122,448,457,452
0.600192,-0.4336524,0.5679048,449,456,457
0.523428,-0.4293834,0.6008808,460,462,458
0.528828,-0.4387938,0.5806872,462,464,461
0.562896,-0.4337526,0.5744664,464,466,463
0.50202,-0.4228638,0.6111588,466,468,465
0.475704,-0.4257678,0.6071994,468,470,467
0.461754,-0.427458,0.6007782,470,472,469
0.465858,-0.4382514,0.5683308,472,474,471
0.459258,-0.4352736,0.584568,474,476,473
0.397812,-0.4108032,0.5670564,476,478,475
0.48447,-0.4419012,0.5571,478,480,477
0.513636,-0.4431708,0.564117,480,482,479
0.60798,-0.4414224,0.5458674,482,484,481
0.6303,-0.4364106,0.5312892,484,486,483
0.661086,-0.4333668,0.5410506,486,538,485
0.299124,-0.360987,0.5662794,489,1310,487
0.350424,-0.3897762,0.5642154,492,493,490
0.265476,-0.3305814,0.5574852,495,496,493
0.234852,-0.288744,0.549987,497,498,496
0.21324,-0.239592,0.5382888,499,500,498
0.241188,-0.289944,0.6002976,501,502,500
0.200826,-0.190686,0.5347314,503,504,502
0.21546,-0.244284,0.5837298,505,506,504
0.203448,-0.131016,0.537474,507,508,506
0.205758,-0.193248,0.57291,509,510,508
0.219312,-0.030726,0.539529,511,512,510
0.20631,-0.132204,0.5680404,488,487,512
0.231576,0.046056,0.5412114,514,268,267
0.224772,-0.02967,0.5627934,517,518,515
0.242298,0.04449,0.5656416,519,520,518
0.243078,-0.022038,0.5983374,521,522,520
0.231648,-0.131652,0.6217686,523,524,522
0.236898,-0.198534,0.6285924,525,526,524
0.252114,-0.25032,0.633102,527,528,526
0.266496,-0.128874,0.6425862,529,531,528
0.288402,-0.194382,0.6526554,532,533,530
0.65454,-0.4651632,0.5824692,534,535,533
0.664458,-0.4651818,0.5660844,536,258,535
0.637434,-0.4620474,0.5949054,537,269,258
0.61884,-0.4720794,0.5850906,513,267,269
0.609432,-0.4734522,0.5743794,460,489,488
0.614952,-0.4789638,0.5587506,485,514,513
0.63078,-0.4754094,0.548412,461,517,516
0.652614,-0.4732512,0.5553354,463,519,517
0.511044,-0.4704264,0.5977626,465,521,519
0.514872,-0.477099,0.583443,467,523,521
0.495858,-0.4658034,0.6050514,469,525,523
0.477204,-0.4678638,0.6022428,471,527,525
0.46731,-0.4690614,0.5976918,473,529,527
0.46554,-0.4746024,0.5861946,475,532,529
0.470214,-0.4767156,0.5746806,477,534,532
0.48342,-0.4793022,0.5667144,479,536,534
0.504096,-0.4802046,0.571692,481,537,536
0.65082,-0.49788,0.5542776,483,513,537
0.62952,-0.4999878,0.5475234,486,492,491
0.614082,-0.5034528,0.5576082,484,494,492
0.6087,-0.4980786,0.572853,482,495,494
0.61788,-0.49674,0.5833032,478,497,495
0.636012,-0.486954,0.5928768,476,499,497
0.652704,-0.489993,0.5807448,474,501,499
0.662376,-0.4900116,0.564762,472,503,501
0.511158,-0.501636,0.5816946,470,505,503
0.500646,-0.5046642,0.5702322,468,507,505
0.480474,-0.5037858,0.5653788,466,509,507
0.467598,-0.5012604,0.573147,464,511,509
0.463032,-0.4992,0.5843772,462,488,511
0.46476,-0.493794,0.5955918,531,540,539
0.474408,-0.4926246,0.6000342,530,541,540
0.492612,-0.4906146,0.6027744,533,543,541
0.50742,-0.4951266,0.5956626,257,542,533
0.634008,-0.5107392,0.5692422,547,263,207
0.487326,-0.513786,0.5850594,548,549,263
NA,NA,NA,550,551,549
NA,NA,NA,552,553,551
NA,NA,NA,554,555,553
NA,NA,NA,556,557,555
NA,NA,NA,558,559,557
NA,NA,NA,545,544,559
NA,NA,NA,261,263,549
NA,NA,NA,539,559,544
NA,NA,NA,540,557,559
NA,NA,NA,541,555,557
NA,NA,NA,543,553,555
NA,NA,NA,542,551,553
NA,NA,NA,256,549,551
NA,NA,NA,528,539,560
NA,NA,NA,518,562,561
NA,NA,NA,520,563,562
NA,NA,NA,522,564,563
NA,NA,NA,524,546,564
NA,NA,NA,526,560,546
NA,NA,NA,205,204,565
NA,NA,NA,563,568,567
NA,NA,NA,564,569,568
NA,NA,NA,546,570,569
NA,NA,NA,545,571,570
NA,NA,NA,558,572,571
NA,NA,NA,556,573,572
NA,NA,NA,554,574,573
NA,NA,NA,552,575,574
NA,NA,NA,550,576,575
NA,NA,NA,548,577,576
NA,NA,NA,547,578,577
NA,NA,NA,205,566,578
NA,NA,NA,565,204,214
NA,NA,NA,580,578,566
NA,NA,NA,582,858,567
NA,NA,NA,583,577,578
NA,NA,NA,584,575,576
NA,NA,NA,585,574,575
NA,NA,NA,586,573,574
NA,NA,NA,587,572,573
NA,NA,NA,588,571,572
NA,NA,NA,589,570,571
NA,NA,NA,590,569,570
NA,NA,NA,591,568,569
NA,NA,NA,581,567,568
NA,NA,NA,594,596,592
NA,NA,NA,596,598,595
NA,NA,NA,598,600,597
NA,NA,NA,600,602,599
NA,NA,NA,602,604,601
NA,NA,NA,604,606,603
NA,NA,NA,606,608,605
NA,NA,NA,608,610,607
NA,NA,NA,610,612,609
NA,NA,NA,612,614,611
NA,NA,NA,614,616,613
NA,NA,NA,616,618,615
NA,NA,NA,618,620,617
NA,NA,NA,620,622,619
NA,NA,NA,622,624,621
NA,NA,NA,624,625,623
NA,NA,NA,625,626,280
NA,NA,NA,626,627,281
NA,NA,NA,627,717,282
NA,NA,NA,630,632,628
NA,NA,NA,632,634,631
NA,NA,NA,634,636,633
NA,NA,NA,636,638,635
NA,NA,NA,638,640,637
NA,NA,NA,640,642,639
NA,NA,NA,642,644,641
NA,NA,NA,644,646,643
NA,NA,NA,646,648,645
NA,NA,NA,648,650,647
NA,NA,NA,650,652,649
NA,NA,NA,652,654,651
NA,NA,NA,654,656,653
NA,NA,NA,656,658,655
NA,NA,NA,658,659,657
NA,NA,NA,659,275,271
NA,NA,NA,662,664,660
NA,NA,NA,664,666,663
NA,NA,NA,666,668,665
NA,NA,NA,668,670,667
NA,NA,NA,670,672,669
NA,NA,NA,672,674,671
NA,NA,NA,674,676,673
NA,NA,NA,676,678,675
NA,NA,NA,678,680,677
NA,NA,NA,680,682,679
NA,NA,NA,682,684,681
NA,NA,NA,684,686,683
NA,NA,NA,686,688,685
NA,NA,NA,688,690,687
NA,NA,NA,690,718,689
NA,NA,NA,581,694,693
NA,NA,NA,591,695,694
NA,NA,NA,590,696,695
NA,NA,NA,589,697,696
NA,NA,NA,588,698,697
NA,NA,NA,587,700,698
NA,NA,NA,586,701,699
NA,NA,NA,585,702,701
NA,NA,NA,584,703,702
NA,NA,NA,583,704,703
NA,NA,NA,580,705,704
NA,NA,NA,579,692,705
NA,NA,NA,579,451,455
NA,NA,NA,254,711,417
NA,NA,NA,404,708,706
NA,NA,NA,418,710,708
NA,NA,NA,418,711,709
NA,NA,NA,707,706,712
NA,NA,NA,450,716,713
NA,NA,NA,441,712,716
NA,NA,NA,456,692,691
NA,NA,NA,627,710,709
NA,NA,NA,626,708,710
NA,NA,NA,625,706,708
NA,NA,NA,624,712,706
NA,NA,NA,622,716,712
NA,NA,NA,620,713,716
NA,NA,NA,618,714,713
NA,NA,NA,614,705,714
NA,NA,NA,612,704,705
NA,NA,NA,610,703,704
NA,NA,NA,608,702,703
NA,NA,NA,606,701,702
NA,NA,NA,604,699,701
NA,NA,NA,602,700,699
NA,NA,NA,598,698,700
NA,NA,NA,596,697,698
NA,NA,NA,594,695,696
NA,NA,NA,593,592,632
NA,NA,NA,592,595,634
NA,NA,NA,595,597,636
NA,NA,NA,597,599,638
NA,NA,NA,599,601,640
NA,NA,NA,601,603,642
NA,NA,NA,603,605,644
NA,NA,NA,605,607,646
NA,NA,NA,607,609,648
NA,NA,NA,609,611,650
NA,NA,NA,611,613,652
NA,NA,NA,613,615,654
NA,NA,NA,615,617,656
NA,NA,NA,617,619,658
NA,NA,NA,619,621,659
NA,NA,NA,621,623,275
NA,NA,NA,623,280,276
NA,NA,NA,629,628,664
NA,NA,NA,628,631,666
NA,NA,NA,631,633,668
NA,NA,NA,633,635,670
NA,NA,NA,635,637,672
NA,NA,NA,637,639,674
NA,NA,NA,639,641,676
NA,NA,NA,641,643,678
NA,NA,NA,643,645,680
NA,NA,NA,645,647,682
NA,NA,NA,647,649,684
NA,NA,NA,649,651,686
NA,NA,NA,651,653,688
NA,NA,NA,653,655,690
NA,NA,NA,655,657,718
NA,NA,NA,657,271,270
NA,NA,NA,661,660,719
NA,NA,NA,660,663,721
NA,NA,NA,663,665,722
NA,NA,NA,665,667,723
NA,NA,NA,667,669,724
NA,NA,NA,669,671,725
NA,NA,NA,671,673,726
NA,NA,NA,673,675,727
NA,NA,NA,675,677,728
NA,NA,NA,677,679,729
NA,NA,NA,679,681,730
NA,NA,NA,681,683,731
NA,NA,NA,683,685,732
NA,NA,NA,685,687,733
NA,NA,NA,687,689,734
NA,NA,NA,720,719,735
NA,NA,NA,719,721,737
NA,NA,NA,721,722,738
NA,NA,NA,722,723,739
NA,NA,NA,723,724,740
NA,NA,NA,724,725,741
NA,NA,NA,725,726,742
NA,NA,NA,726,727,743
NA,NA,NA,727,728,744
NA,NA,NA,728,729,745
NA,NA,NA,729,730,746
NA,NA,NA,730,731,747
NA,NA,NA,731,732,748
NA,NA,NA,732,733,749
NA,NA,NA,733,734,750
NA,NA,NA,736,735,752
NA,NA,NA,735,737,754
NA,NA,NA,737,738,755
NA,NA,NA,738,739,756
NA,NA,NA,739,740,757
NA,NA,NA,740,741,758
NA,NA,NA,741,742,759
NA,NA,NA,742,743,760
NA,NA,NA,743,744,761
NA,NA,NA,744,745,762
NA,NA,NA,745,746,763
NA,NA,NA,746,747,764
NA,NA,NA,747,748,765
NA,NA,NA,748,749,766
NA,NA,NA,749,750,767
NA,NA,NA,750,751,768
NA,NA,NA,753,752,769
NA,NA,NA,752,754,771
NA,NA,NA,754,755,772
NA,NA,NA,755,756,773
NA,NA,NA,756,757,774
NA,NA,NA,757,758,775
NA,NA,NA,758,759,776
NA,NA,NA,759,760,777
NA,NA,NA,760,761,778
NA,NA,NA,761,762,779
NA,NA,NA,762,763,780
NA,NA,NA,763,764,781
NA,NA,NA,764,765,782
NA,NA,NA,765,766,783
NA,NA,NA,766,767,784
NA,NA,NA,770,769,785
NA,NA,NA,769,771,787
NA,NA,NA,771,772,788
NA,NA,NA,772,773,789
NA,NA,NA,773,774,790
NA,NA,NA,774,775,791
NA,NA,NA,775,776,792
NA,NA,NA,776,777,793
NA,NA,NA,777,778,794
NA,NA,NA,778,779,795
NA,NA,NA,779,780,796
NA,NA,NA,780,781,797
NA,NA,NA,781,782,798
NA,NA,NA,782,783,799
NA,NA,NA,783,784,800
NA,NA,NA,784,321,323
NA,NA,NA,803,805,801
NA,NA,NA,805,807,804
NA,NA,NA,807,809,806
NA,NA,NA,809,811,808
NA,NA,NA,811,813,810
NA,NA,NA,813,815,812
NA,NA,NA,815,817,814
NA,NA,NA,817,819,816
NA,NA,NA,819,821,818
NA,NA,NA,821,823,820
NA,NA,NA,823,825,822
NA,NA,NA,825,827,824
NA,NA,NA,827,829,826
NA,NA,NA,829,327,828
NA,NA,NA,802,801,830
NA,NA,NA,801,804,832
NA,NA,NA,804,806,833
NA,NA,NA,806,808,834
NA,NA,NA,808,810,835
NA,NA,NA,810,812,836
NA,NA,NA,812,814,837
NA,NA,NA,814,816,838
NA,NA,NA,816,818,839
NA,NA,NA,818,820,840
NA,NA,NA,820,822,841
NA,NA,NA,822,824,842
NA,NA,NA,824,826,843
NA,NA,NA,826,828,332
NA,NA,NA,831,830,844
NA,NA,NA,830,832,846
NA,NA,NA,832,833,847
NA,NA,NA,833,834,848
NA,NA,NA,834,835,849
NA,NA,NA,835,836,850
NA,NA,NA,836,837,851
NA,NA,NA,837,838,852
NA,NA,NA,838,839,853
NA,NA,NA,839,840,854
NA,NA,NA,840,841,855
NA,NA,NA,827,799,800
NA,NA,NA,825,798,799
NA,NA,NA,823,797,798
NA,NA,NA,821,796,797
NA,NA,NA,819,795,796
NA,NA,NA,817,794,795
NA,NA,NA,815,793,794
NA,NA,NA,813,792,793
NA,NA,NA,811,791,792
NA,NA,NA,809,790,791
NA,NA,NA,807,789,790
NA,NA,NA,805,788,789
NA,NA,NA,856,784,767
NA,NA,NA,319,784,856
NA,NA,NA,424,423,427
NA,NA,NA,562,567,858
NA,NA,NA,327,326,343
NA,NA,NA,800,325,327
NA,NA,NA,828,372,333
NA,NA,NA,355,350,317
NA,NA,NA,353,352,358
NA,NA,NA,862,868,860
NA,NA,NA,865,883,863
NA,NA,NA,867,865,864
NA,NA,NA,873,865,867
NA,NA,NA,863,883,874
NA,NA,NA,874,862,861
NA,NA,NA,876,881,869
NA,NA,NA,62,876,871
NA,NA,NA,61,877,876
NA,NA,NA,878,881,876
NA,NA,NA,881,878,879
NA,NA,NA,883,865,873
NA,NA,NA,883,882,884
NA,NA,NA,862,874,884
NA,NA,NA,870,869,862
NA,NA,NA,881,880,860
NA,NA,NA,887,872,867
NA,NA,NA,888,61,77
NA,NA,NA,889,77,887
NA,NA,NA,891,888,889
NA,NA,NA,892,890,889
NA,NA,NA,879,878,888
NA,NA,NA,886,867,866
NA,NA,NA,347,864,863
NA,NA,NA,344,860,880
NA,NA,NA,340,861,860
NA,NA,NA,334,875,861
NA,NA,NA,864,347,354
NA,NA,NA,879,368,371
NA,NA,NA,891,363,368
NA,NA,NA,890,364,363
NA,NA,NA,892,353,364
NA,NA,NA,866,354,353
NA,NA,NA,331,2372,843
NA,NA,NA,842,893,855
NA,NA,NA,843,2372,893
NA,NA,NA,850,895,894
NA,NA,NA,851,896,895
NA,NA,NA,852,897,896
NA,NA,NA,853,898,897
NA,NA,NA,899,1972,849
NA,NA,NA,847,901,900
NA,NA,NA,848,902,901
NA,NA,NA,849,1972,902
NA,NA,NA,905,907,903
NA,NA,NA,907,909,906
NA,NA,NA,909,911,908
NA,NA,NA,911,913,910
NA,NA,NA,913,939,912
NA,NA,NA,904,903,914
NA,NA,NA,903,906,916
NA,NA,NA,906,908,917
NA,NA,NA,908,910,918
NA,NA,NA,910,912,919
NA,NA,NA,915,914,920
NA,NA,NA,914,916,922
NA,NA,NA,916,917,923
NA,NA,NA,917,918,924
NA,NA,NA,921,920,925
NA,NA,NA,920,922,927
NA,NA,NA,922,923,928
NA,NA,NA,923,924,929
NA,NA,NA,926,925,930
NA,NA,NA,925,927,932
NA,NA,NA,927,928,933
NA,NA,NA,928,929,934
NA,NA,NA,931,930,935
NA,NA,NA,930,932,937
NA,NA,NA,932,933,802
NA,NA,NA,933,934,938
NA,NA,NA,785,912,939
NA,NA,NA,940,955,160
NA,NA,NA,178,162,941
NA,NA,NA,159,158,944
NA,NA,NA,944,158,157
NA,NA,NA,947,940,944
NA,NA,NA,946,944,945
NA,NA,NA,942,960,951
NA,NA,NA,942,941,953
NA,NA,NA,956,953,941
NA,NA,NA,956,981,957
NA,NA,NA,953,957,958
NA,NA,NA,954,958,959
NA,NA,NA,960,959,961
NA,NA,NA,951,961,962
NA,NA,NA,952,962,963
NA,NA,NA,949,950,964
NA,NA,NA,948,949,965
NA,NA,NA,967,946,948
NA,NA,NA,968,947,946
NA,NA,NA,964,963,970
NA,NA,NA,965,964,971
NA,NA,NA,966,965,972
NA,NA,NA,974,967,966
NA,NA,NA,975,968,967
NA,NA,NA,976,955,968
NA,NA,NA,962,961,977
NA,NA,NA,959,979,977
NA,NA,NA,958,986,979
NA,NA,NA,980,986,958
NA,NA,NA,982,980,957
NA,NA,NA,955,983,982
NA,NA,NA,984,1009,980
NA,NA,NA,980,1009,985
NA,NA,NA,986,985,987
NA,NA,NA,979,987,988
NA,NA,NA,977,988,989
NA,NA,NA,978,989,990
NA,NA,NA,970,969,990
NA,NA,NA,987,985,993
NA,NA,NA,987,994,995
NA,NA,NA,988,995,996
NA,NA,NA,989,996,997
NA,NA,NA,990,997,998
NA,NA,NA,971,991,998
NA,NA,NA,972,971,999
NA,NA,NA,973,972,1000
NA,NA,NA,1002,974,973
NA,NA,NA,1004,975,974
NA,NA,NA,1005,976,975
NA,NA,NA,1006,992,976
NA,NA,NA,1006,1008,984
NA,NA,NA,1010,1024,1009
NA,NA,NA,995,1169,1011
NA,NA,NA,996,1011,1012
NA,NA,NA,997,1012,1013
NA,NA,NA,998,1013,1014
NA,NA,NA,1017,1005,1004
NA,NA,NA,1019,1006,1005
NA,NA,NA,1020,1008,1006
NA,NA,NA,1020,1021,1007
NA,NA,NA,1021,1028,1010
NA,NA,NA,993,1023,1022
NA,NA,NA,1024,1026,1023
NA,NA,NA,1027,1025,1024
NA,NA,NA,1001,1000,1015
NA,NA,NA,1002,1001,1029
NA,NA,NA,1003,1002,1030
NA,NA,NA,1004,1003,1031
NA,NA,NA,1012,1034,1033
NA,NA,NA,1033,1035,1036
NA,NA,NA,1038,1013,1033
NA,NA,NA,1014,1013,1038
NA,NA,NA,1015,1014,1039
NA,NA,NA,1029,1015,1040
NA,NA,NA,1030,1029,1041
NA,NA,NA,1031,1030,1043
NA,NA,NA,1045,1032,1031
NA,NA,NA,1046,1016,1032
NA,NA,NA,1047,1017,1016
NA,NA,NA,1048,1018,1017
NA,NA,NA,1049,1019,1018
NA,NA,NA,1049,1050,1020
NA,NA,NA,1050,1161,1021
NA,NA,NA,1037,1036,1051
NA,NA,NA,1038,1037,1052
NA,NA,NA,1039,1038,1053
NA,NA,NA,1040,1039,1054
NA,NA,NA,1041,1040,1055
NA,NA,NA,1042,1041,1056
NA,NA,NA,1043,1042,1057
NA,NA,NA,1061,1069,1059
NA,NA,NA,1066,1063,1062
NA,NA,NA,1068,1066,1065
NA,NA,NA,1051,2145,1069
NA,NA,NA,1053,1052,1069
NA,NA,NA,1053,1061,1064
NA,NA,NA,1055,1054,1064
NA,NA,NA,1056,1055,1063
NA,NA,NA,1057,1056,1066
NA,NA,NA,1058,1057,1068
NA,NA,NA,1073,1078,1071
NA,NA,NA,1071,1171,1074
NA,NA,NA,1072,1071,1075
NA,NA,NA,1059,1170,1077
NA,NA,NA,1060,1059,1078
NA,NA,NA,1062,1060,1073
NA,NA,NA,173,1073,1072
NA,NA,NA,174,1072,1076
NA,NA,NA,1075,1074,1079
NA,NA,NA,1081,177,1079
NA,NA,NA,1081,1080,1082
NA,NA,NA,1085,1081,1083
NA,NA,NA,1088,1090,1089
NA,NA,NA,1088,1089,1086
NA,NA,NA,1089,167,166
NA,NA,NA,1086,1089,1085
NA,NA,NA,1089,1090,168
NA,NA,NA,1090,1067,170
NA,NA,NA,1067,1065,171
NA,NA,NA,1065,1062,173
NA,NA,NA,1091,1067,1090
NA,NA,NA,1093,1068,1067
NA,NA,NA,1095,1093,1091
NA,NA,NA,1097,1095,1092
NA,NA,NA,1094,1095,1097
NA,NA,NA,1099,1058,1070
NA,NA,NA,1103,1102,1099
NA,NA,NA,1104,1101,1105
NA,NA,NA,1106,1105,1107
NA,NA,NA,1108,1107,1109
NA,NA,NA,1111,1043,1058
NA,NA,NA,1112,1111,1102
NA,NA,NA,1114,1112,1103
NA,NA,NA,1117,2189,1115
NA,NA,NA,1109,1117,1116
NA,NA,NA,1110,1116,1118
NA,NA,NA,1108,1110,1119
NA,NA,NA,1124,1128,1122
NA,NA,NA,1106,1108,1121
NA,NA,NA,1104,1106,1125
NA,NA,NA,1121,1119,1120
NA,NA,NA,1128,1121,1129
NA,NA,NA,1130,1114,1113
NA,NA,NA,1130,1126,1128
NA,NA,NA,1132,1124,1123
NA,NA,NA,1133,1130,1124
NA,NA,NA,1134,1137,1133
NA,NA,NA,1134,1132,1131
NA,NA,NA,1133,1136,1114
NA,NA,NA,1137,1142,1136
NA,NA,NA,1138,1139,1111
NA,NA,NA,1138,1112,1114
NA,NA,NA,1140,1045,1044
NA,NA,NA,1141,1140,1139
NA,NA,NA,1142,1141,1138
NA,NA,NA,1143,1046,1045
NA,NA,NA,1144,1143,1140
NA,NA,NA,1145,1144,1141
NA,NA,NA,1147,1155,1145
NA,NA,NA,1149,1134,1135
NA,NA,NA,1150,1137,1134
NA,NA,NA,1147,1146,1150
NA,NA,NA,1137,1146,1145
NA,NA,NA,1152,1159,1143
NA,NA,NA,1147,1153,1154
NA,NA,NA,1153,1165,1156
NA,NA,NA,1155,1154,1152
NA,NA,NA,1154,1156,1157
NA,NA,NA,1152,1157,1158
NA,NA,NA,1159,1158,1048
NA,NA,NA,1158,1160,1049
NA,NA,NA,1160,1162,1050
NA,NA,NA,1162,1304,1161
NA,NA,NA,1163,1166,1162
NA,NA,NA,1157,1163,1160
NA,NA,NA,1156,1164,1163
NA,NA,NA,1165,1168,1164
NA,NA,NA,1164,1167,1166
NA,NA,NA,1168,1309,1167
NA,NA,NA,994,1022,1169
NA,NA,NA,1069,2145,1170
NA,NA,NA,1078,1077,1171
NA,NA,NA,1174,1175,1172
NA,NA,NA,1176,1177,1175
NA,NA,NA,1178,1182,1177
NA,NA,NA,1175,1180,1179
NA,NA,NA,1177,1181,1180
NA,NA,NA,1182,1183,1181
NA,NA,NA,1184,2373,1183
NA,NA,NA,1185,1184,1182
NA,NA,NA,1026,1174,1173
NA,NA,NA,1026,1173,1186
NA,NA,NA,1190,1191,1188
NA,NA,NA,1192,1200,1191
NA,NA,NA,1179,1180,1193
NA,NA,NA,1180,1181,1195
NA,NA,NA,1181,1183,1196
NA,NA,NA,1183,2373,1197
NA,NA,NA,1200,1192,1198
NA,NA,NA,1201,2261,1199
NA,NA,NA,1199,2261,1194
NA,NA,NA,1200,1199,1193
NA,NA,NA,1191,1200,1195
NA,NA,NA,1188,1191,1196
NA,NA,NA,1202,1311,1201
NA,NA,NA,1202,1198,1203
NA,NA,NA,1205,1198,1192
NA,NA,NA,1207,1203,1205
NA,NA,NA,1208,1204,1203
NA,NA,NA,1210,1204,1208
NA,NA,NA,1205,1190,1211
NA,NA,NA,1207,1206,1212
NA,NA,NA,1208,1207,1213
NA,NA,NA,1209,1208,1214
NA,NA,NA,1213,1212,1216
NA,NA,NA,1218,1214,1213
NA,NA,NA,1215,1214,1218
NA,NA,NA,1212,1206,1211
NA,NA,NA,1212,1221,1222
NA,NA,NA,1216,1222,1223
NA,NA,NA,1217,1216,1224
NA,NA,NA,1218,1217,1225
NA,NA,NA,1224,1223,1227
NA,NA,NA,1225,1224,1228
NA,NA,NA,1226,1225,1229
NA,NA,NA,1233,1243,1231
NA,NA,NA,1231,1229,1228
NA,NA,NA,1234,1228,1235
NA,NA,NA,1232,1234,1236
NA,NA,NA,1233,1232,1237
NA,NA,NA,1240,1233,1238
NA,NA,NA,1242,1230,1229
NA,NA,NA,1244,1219,1218
NA,NA,NA,1245,1244,1226
NA,NA,NA,1246,1245,1230
NA,NA,NA,1247,1251,1246
NA,NA,NA,1248,1249,1247
NA,NA,NA,1251,1247,1249
NA,NA,NA,1252,1257,1251
NA,NA,NA,1251,1257,1245
NA,NA,NA,1253,1312,1210
NA,NA,NA,1254,1253,1209
NA,NA,NA,1256,1312,1253
NA,NA,NA,1258,1244,1245
NA,NA,NA,1258,1254,1215
NA,NA,NA,1259,1258,1257
NA,NA,NA,1264,1241,1239
NA,NA,NA,1267,1271,1265
NA,NA,NA,1263,1239,1238
NA,NA,NA,1271,1263,1269
NA,NA,NA,1271,1270,1272
NA,NA,NA,1273,1274,1220
NA,NA,NA,1275,1276,1274
NA,NA,NA,1277,1235,1274
NA,NA,NA,1277,1278,1236
NA,NA,NA,1278,1279,1237
NA,NA,NA,1237,1279,1269
NA,NA,NA,1280,1270,1269
NA,NA,NA,1281,1280,1279
NA,NA,NA,1281,1278,1277
NA,NA,NA,1282,1277,1276
NA,NA,NA,1284,1272,1280
NA,NA,NA,1285,1275,1273
NA,NA,NA,1286,1283,1276
NA,NA,NA,1287,1284,1281
NA,NA,NA,1288,1287,1282
NA,NA,NA,1289,1288,1283
NA,NA,NA,1290,1291,1287
NA,NA,NA,1291,1292,1284
NA,NA,NA,1292,1293,1272
NA,NA,NA,1293,1268,1265
NA,NA,NA,1294,1295,1291
NA,NA,NA,1295,1296,1292
NA,NA,NA,1296,1297,1293
NA,NA,NA,1298,1299,1295
NA,NA,NA,1299,1300,1296
NA,NA,NA,1300,1301,1297
NA,NA,NA,1301,1302,1268
NA,NA,NA,1302,1303,1266
NA,NA,NA,1162,1166,1305
NA,NA,NA,1161,1304,1285
NA,NA,NA,1021,1161,1262
NA,NA,NA,1166,1167,1255
NA,NA,NA,1298,1294,1289
NA,NA,NA,1308,1307,1285
NA,NA,NA,166,177,1081
NA,NA,NA,1087,1096,1092
NA,NA,NA,1062,1064,1061
NA,NA,NA,1044,1043,1111
NA,NA,NA,1046,1143,1159
NA,NA,NA,983,992,984
NA,NA,NA,955,941,162
NA,NA,NA,163,178,942
NA,NA,NA,945,157,155
NA,NA,NA,1009,1024,993
NA,NA,NA,963,962,978
NA,NA,NA,1303,1248,1264
NA,NA,NA,1259,1298,1308
NA,NA,NA,1252,1299,1298
NA,NA,NA,1250,1300,1299
NA,NA,NA,1249,1301,1300
NA,NA,NA,1248,1302,1301
NA,NA,NA,1309,1256,1255
NA,NA,NA,1148,490,493
NA,NA,NA,1168,504,506
NA,NA,NA,1165,502,504
NA,NA,NA,1153,500,502
NA,NA,NA,1151,498,500
NA,NA,NA,1150,496,498
NA,NA,NA,1149,493,496
NA,NA,NA,510,512,1202
NA,NA,NA,1202,487,1310
NA,NA,NA,304,391,384
NA,NA,NA,304,284,292
NA,NA,NA,803,938,929
NA,NA,NA,1263,1271,1267
NA,NA,NA,1315,1317,1313
NA,NA,NA,1317,1319,1316
NA,NA,NA,1318,1319,1320
NA,NA,NA,1319,1317,1322
NA,NA,NA,1317,1315,1323
NA,NA,NA,1323,1326,1324
NA,NA,NA,1326,1328,1325
NA,NA,NA,1327,1331,1329
NA,NA,NA,1332,1337,1333
NA,NA,NA,1333,1324,1325
NA,NA,NA,1324,1333,1320
NA,NA,NA,1333,1337,1321
NA,NA,NA,1335,1332,1338
NA,NA,NA,1332,1330,1341
NA,NA,NA,1330,1331,1342
NA,NA,NA,1331,1327,1344
NA,NA,NA,1327,1328,1345
NA,NA,NA,1336,1339,1346
NA,NA,NA,1339,1338,1348
NA,NA,NA,1338,1340,1349
NA,NA,NA,1341,1342,1351
NA,NA,NA,1342,1343,1352
NA,NA,NA,1343,1344,1353
NA,NA,NA,1344,1345,1354
NA,NA,NA,1347,1346,247
NA,NA,NA,1346,1348,248
NA,NA,NA,1348,1349,249
NA,NA,NA,1349,1350,250
NA,NA,NA,1350,1351,251
NA,NA,NA,1351,1352,252
NA,NA,NA,1352,1353,253
NA,NA,NA,1353,1354,254
NA,NA,NA,1318,1334,1359
NA,NA,NA,1364,1336,1347
NA,NA,NA,1347,246,266
NA,NA,NA,266,268,1366
NA,NA,NA,1358,1359,1364
NA,NA,NA,1364,1365,1366
NA,NA,NA,1370,1372,1368
NA,NA,NA,1374,1375,1373
NA,NA,NA,1375,1374,283
NA,NA,NA,1378,1385,1376
NA,NA,NA,1381,1383,1379
NA,NA,NA,1383,1390,1382
NA,NA,NA,1383,1400,1389
NA,NA,NA,1381,1380,1391
NA,NA,NA,1385,1392,1391
NA,NA,NA,1393,1394,1386
NA,NA,NA,1394,150,1388
NA,NA,NA,1395,97,150
NA,NA,NA,1393,1398,1395
NA,NA,NA,1398,1393,1396
NA,NA,NA,1383,1381,1399
NA,NA,NA,1399,1381,1392
NA,NA,NA,1392,1385,1402
NA,NA,NA,1384,1387,1402
NA,NA,NA,1389,1407,1403
NA,NA,NA,97,1404,1405
NA,NA,NA,1406,1405,1403
NA,NA,NA,1404,1409,1408
NA,NA,NA,1408,1514,1403
NA,NA,NA,1398,1397,1409
NA,NA,NA,1412,1414,1410
NA,NA,NA,1414,1416,1413
NA,NA,NA,1416,1418,1415
NA,NA,NA,1418,1420,1417
NA,NA,NA,1420,1900,1419
NA,NA,NA,1423,1426,1421
NA,NA,NA,1426,1423,1424
NA,NA,NA,1429,1431,1427
NA,NA,NA,1431,1432,1430
NA,NA,NA,1432,1415,1417
NA,NA,NA,1430,1417,1419
NA,NA,NA,1428,1427,1434
NA,NA,NA,1427,1433,1436
NA,NA,NA,1433,1419,1437
NA,NA,NA,1435,1434,1438
NA,NA,NA,1434,1436,1440
NA,NA,NA,1436,1437,1422
NA,NA,NA,1441,1442,1431
NA,NA,NA,1442,1443,1432
NA,NA,NA,1443,1413,1415
NA,NA,NA,1413,1443,1445
NA,NA,NA,1443,1442,1446
NA,NA,NA,1442,1441,1447
NA,NA,NA,1444,1445,1448
NA,NA,NA,1446,1456,1450
NA,NA,NA,1449,1448,1450
NA,NA,NA,1451,1450,1452
NA,NA,NA,1450,1456,1454
NA,NA,NA,1456,1928,1455
NA,NA,NA,1457,1459,1421
NA,NA,NA,1459,1457,1458
NA,NA,NA,1453,1452,1460
NA,NA,NA,1452,1454,1461
NA,NA,NA,1454,1455,1462
NA,NA,NA,1459,1460,1463
NA,NA,NA,1460,1461,1464
NA,NA,NA,1461,1462,1465
NA,NA,NA,1463,1464,1438
NA,NA,NA,1464,1465,1439
NA,NA,NA,1421,1463,1440
NA,NA,NA,1437,1926,1423
NA,NA,NA,1468,1470,1466
NA,NA,NA,1470,1472,1469
NA,NA,NA,1472,1474,1471
NA,NA,NA,1474,1520,1473
NA,NA,NA,1476,1377,1376
NA,NA,NA,1478,1476,1475
NA,NA,NA,1480,1478,1477
NA,NA,NA,1482,1480,1479
NA,NA,NA,1484,1482,1481
NA,NA,NA,1485,1489,1476
NA,NA,NA,1486,1485,1478
NA,NA,NA,1487,1486,1480
NA,NA,NA,1488,1487,1482
NA,NA,NA,1490,1494,1489
NA,NA,NA,1491,1490,1485
NA,NA,NA,1492,1491,1486
NA,NA,NA,1493,1492,1487
NA,NA,NA,1495,1509,1494
NA,NA,NA,1496,1495,1490
NA,NA,NA,1497,1496,1491
NA,NA,NA,1498,1497,1492
NA,NA,NA,1467,1379,1382
NA,NA,NA,1499,1380,1379
NA,NA,NA,1501,1471,1473
NA,NA,NA,1502,1469,1471
NA,NA,NA,1503,1499,1467
NA,NA,NA,1503,1466,1469
NA,NA,NA,1376,1391,1504
NA,NA,NA,1504,1391,1380
NA,NA,NA,1481,1506,1505
NA,NA,NA,1479,1507,1506
NA,NA,NA,1477,1508,1507
NA,NA,NA,1475,1504,1508
NA,NA,NA,1506,1501,1500
NA,NA,NA,1507,1502,1501
NA,NA,NA,1508,1503,1502
NA,NA,NA,1504,1499,1503
NA,NA,NA,1409,1397,1494
NA,NA,NA,1511,1497,1498
NA,NA,NA,1512,1496,1497
NA,NA,NA,1513,1495,1496
NA,NA,NA,1494,1397,1396
NA,NA,NA,1390,1403,1514
NA,NA,NA,1515,1516,1514
NA,NA,NA,1513,1521,1516
NA,NA,NA,1515,1408,1409
NA,NA,NA,1515,1509,1495
NA,NA,NA,1468,1382,1514
NA,NA,NA,1518,1511,1510
NA,NA,NA,1519,1512,1511
NA,NA,NA,1474,1518,1517
NA,NA,NA,1472,1519,1518
NA,NA,NA,1470,1521,1519
NA,NA,NA,1468,1516,1521
NA,NA,NA,1523,1328,1326
NA,NA,NA,1525,1523,1522
NA,NA,NA,1527,1525,1524
NA,NA,NA,1529,1527,1526
NA,NA,NA,1531,1529,1528
NA,NA,NA,1533,1531,1530
NA,NA,NA,1535,1533,1532
NA,NA,NA,1537,1535,1534
NA,NA,NA,1522,1326,1323
NA,NA,NA,1524,1522,1538
NA,NA,NA,1526,1524,1539
NA,NA,NA,1528,1526,1540
NA,NA,NA,1530,1528,1541
NA,NA,NA,1532,1530,1542
NA,NA,NA,1534,1532,1543
NA,NA,NA,1536,1534,1544
NA,NA,NA,1520,1517,1354
NA,NA,NA,1505,1529,1531
NA,NA,NA,1500,1527,1529
NA,NA,NA,1473,1525,1527
NA,NA,NA,1520,1523,1525
NA,NA,NA,1520,1345,1328
NA,NA,NA,1323,1315,1546
NA,NA,NA,1541,1548,1547
NA,NA,NA,1540,1549,1548
NA,NA,NA,1539,1550,1549
NA,NA,NA,1538,1546,1550
NA,NA,NA,1537,1493,1488
NA,NA,NA,1552,1545,1544
NA,NA,NA,1533,1484,1483
NA,NA,NA,1535,1488,1484
NA,NA,NA,1553,1543,1542
NA,NA,NA,1551,1544,1543
NA,NA,NA,1555,460,459
NA,NA,NA,1557,1555,1554
NA,NA,NA,1559,1557,1556
NA,NA,NA,1561,1559,1558
NA,NA,NA,1563,1561,1560
NA,NA,NA,1565,1563,1562
NA,NA,NA,1567,1565,1564
NA,NA,NA,1569,1567,1566
NA,NA,NA,1571,1569,1568
NA,NA,NA,1573,1571,1570
NA,NA,NA,1575,1573,1572
NA,NA,NA,1577,1575,1574
NA,NA,NA,1579,1577,1576
NA,NA,NA,538,1579,1578
NA,NA,NA,1310,489,1580
NA,NA,NA,1582,1584,491
NA,NA,NA,1585,1586,1583
NA,NA,NA,1587,1588,1586
NA,NA,NA,1589,1590,1588
NA,NA,NA,1591,1592,1590
NA,NA,NA,1593,1594,1592
NA,NA,NA,1595,1596,1594
NA,NA,NA,1597,1598,1596
NA,NA,NA,1599,1600,1598
NA,NA,NA,1601,1602,1600
NA,NA,NA,1581,1580,1602
NA,NA,NA,268,514,1603
NA,NA,NA,1604,1605,516
NA,NA,NA,1606,1607,1605
NA,NA,NA,1608,1609,1607
NA,NA,NA,1610,1611,1609
NA,NA,NA,1612,1613,1611
NA,NA,NA,1614,1615,1613
NA,NA,NA,1616,1617,1615
NA,NA,NA,1619,1620,1617
NA,NA,NA,1621,1622,1620
NA,NA,NA,1358,1623,1622
NA,NA,NA,1367,1624,1623
NA,NA,NA,1366,1603,1624
NA,NA,NA,489,460,1555
NA,NA,NA,514,485,1578
NA,NA,NA,1605,1556,1554
NA,NA,NA,1607,1558,1556
NA,NA,NA,1609,1560,1558
NA,NA,NA,1611,1562,1560
NA,NA,NA,1613,1564,1562
NA,NA,NA,1615,1566,1564
NA,NA,NA,1617,1568,1566
NA,NA,NA,1620,1570,1568
NA,NA,NA,1622,1572,1570
NA,NA,NA,1623,1574,1572
NA,NA,NA,1624,1576,1574
NA,NA,NA,1603,1578,1576
NA,NA,NA,1584,1579,538
NA,NA,NA,1583,1577,1579
NA,NA,NA,1586,1575,1577
NA,NA,NA,1588,1571,1573
NA,NA,NA,1590,1569,1571
NA,NA,NA,1592,1567,1569
NA,NA,NA,1594,1565,1567
NA,NA,NA,1596,1563,1565
NA,NA,NA,1598,1561,1563
NA,NA,NA,1600,1559,1561
NA,NA,NA,1602,1557,1559
NA,NA,NA,1580,1555,1557
NA,NA,NA,1626,1616,1614
NA,NA,NA,1627,1618,1616
NA,NA,NA,1628,1619,1618
NA,NA,NA,1629,1355,1621
NA,NA,NA,1363,1633,1313
NA,NA,NA,1634,1635,1633
NA,NA,NA,1636,1637,1635
NA,NA,NA,1638,1639,1637
NA,NA,NA,1640,1641,1639
NA,NA,NA,1642,1643,1641
NA,NA,NA,1644,1645,1643
NA,NA,NA,1632,1631,1645
NA,NA,NA,1363,1361,1356
NA,NA,NA,1644,1625,1646
NA,NA,NA,1642,1626,1625
NA,NA,NA,1640,1627,1626
NA,NA,NA,1638,1628,1627
NA,NA,NA,1636,1629,1628
NA,NA,NA,1634,1356,1629
NA,NA,NA,1625,1614,1612
NA,NA,NA,1647,1604,515
NA,NA,NA,1648,1606,1604
NA,NA,NA,1649,1608,1606
NA,NA,NA,1630,1610,1608
NA,NA,NA,1646,1612,1610
NA,NA,NA,1314,1313,1650
NA,NA,NA,1653,1648,1647
NA,NA,NA,1654,1649,1648
NA,NA,NA,1655,1630,1649
NA,NA,NA,1656,1631,1630
NA,NA,NA,1657,1645,1631
NA,NA,NA,1658,1643,1645
NA,NA,NA,1659,1641,1643
NA,NA,NA,1660,1639,1641
NA,NA,NA,1661,1637,1639
NA,NA,NA,1662,1635,1637
NA,NA,NA,1663,1633,1635
NA,NA,NA,1650,1313,1633
NA,NA,NA,1314,1651,1546
NA,NA,NA,1663,1666,1664
NA,NA,NA,858,582,1665
NA,NA,NA,1662,1667,1666
NA,NA,NA,1660,1668,1667
NA,NA,NA,1659,1669,1668
NA,NA,NA,1658,1670,1669
NA,NA,NA,1657,1671,1670
NA,NA,NA,1656,1672,1671
NA,NA,NA,1655,1673,1672
NA,NA,NA,1654,1674,1673
NA,NA,NA,1653,1675,1674
NA,NA,NA,1652,1665,1675
NA,NA,NA,1677,594,593
NA,NA,NA,1679,1677,1676
NA,NA,NA,1681,1679,1678
NA,NA,NA,1683,1681,1680
NA,NA,NA,1685,1683,1682
NA,NA,NA,1687,1685,1684
NA,NA,NA,1689,1687,1686
NA,NA,NA,1691,1689,1688
NA,NA,NA,1693,1691,1690
NA,NA,NA,1695,1693,1692
NA,NA,NA,1697,1695,1694
NA,NA,NA,1699,1697,1696
NA,NA,NA,1701,1699,1698
NA,NA,NA,1703,1701,1700
NA,NA,NA,1705,1703,1702
NA,NA,NA,1707,1705,1704
NA,NA,NA,1708,1707,1706
NA,NA,NA,1709,1708,1373
NA,NA,NA,717,1709,1375
NA,NA,NA,1711,630,629
NA,NA,NA,1713,1711,1710
NA,NA,NA,1715,1713,1712
NA,NA,NA,1717,1715,1714
NA,NA,NA,1719,1717,1716
NA,NA,NA,1721,1719,1718
NA,NA,NA,1723,1721,1720
NA,NA,NA,1725,1723,1722
NA,NA,NA,1727,1725,1724
NA,NA,NA,1729,1727,1726
NA,NA,NA,1731,1729,1728
NA,NA,NA,1733,1731,1730
NA,NA,NA,1735,1733,1732
NA,NA,NA,1737,1735,1734
NA,NA,NA,1739,1737,1736
NA,NA,NA,1368,1739,1738
NA,NA,NA,1741,662,661
NA,NA,NA,1743,1741,1740
NA,NA,NA,1745,1743,1742
NA,NA,NA,1747,1745,1744
NA,NA,NA,1749,1747,1746
NA,NA,NA,1751,1749,1748
NA,NA,NA,1753,1751,1750
NA,NA,NA,1755,1753,1752
NA,NA,NA,1757,1755,1754
NA,NA,NA,1759,1757,1756
NA,NA,NA,1761,1759,1758
NA,NA,NA,1763,1761,1760
NA,NA,NA,1765,1763,1762
NA,NA,NA,1767,1765,1764
NA,NA,NA,1769,1767,1766
NA,NA,NA,1772,1665,582
NA,NA,NA,1773,1675,1665
NA,NA,NA,1774,1674,1675
NA,NA,NA,1775,1673,1674
NA,NA,NA,1776,1672,1673
NA,NA,NA,1777,1671,1672
NA,NA,NA,1779,1670,1671
NA,NA,NA,1780,1669,1670
NA,NA,NA,1781,1668,1669
NA,NA,NA,1782,1667,1668
NA,NA,NA,1783,1666,1667
NA,NA,NA,1770,1664,1666
NA,NA,NA,1546,1664,1549
NA,NA,NA,711,254,1517
NA,NA,NA,1785,1493,1537
NA,NA,NA,1786,1498,1493
NA,NA,NA,711,1498,1786
NA,NA,NA,1784,1537,1536
NA,NA,NA,1790,1545,1552
NA,NA,NA,1787,1536,1545
NA,NA,NA,1770,1551,1553
NA,NA,NA,1786,1709,717
NA,NA,NA,1785,1708,1709
NA,NA,NA,1784,1707,1708
NA,NA,NA,1787,1705,1707
NA,NA,NA,1790,1703,1705
NA,NA,NA,1789,1701,1703
NA,NA,NA,1788,1699,1701
NA,NA,NA,1783,1695,1697
NA,NA,NA,1782,1693,1695
NA,NA,NA,1781,1691,1693
NA,NA,NA,1780,1689,1691
NA,NA,NA,1779,1687,1689
NA,NA,NA,1778,1685,1687
NA,NA,NA,1777,1683,1685
NA,NA,NA,1776,1679,1681
NA,NA,NA,1775,1677,1679
NA,NA,NA,1773,594,1677
NA,NA,NA,1676,593,630
NA,NA,NA,1678,1676,1711
NA,NA,NA,1680,1678,1713
NA,NA,NA,1682,1680,1715
NA,NA,NA,1684,1682,1717
NA,NA,NA,1686,1684,1719
NA,NA,NA,1688,1686,1721
NA,NA,NA,1690,1688,1723
NA,NA,NA,1692,1690,1725
NA,NA,NA,1694,1692,1727
NA,NA,NA,1696,1694,1729
NA,NA,NA,1698,1696,1731
NA,NA,NA,1700,1698,1733
NA,NA,NA,1702,1700,1735
NA,NA,NA,1704,1702,1737
NA,NA,NA,1706,1704,1739
NA,NA,NA,1373,1706,1368
NA,NA,NA,1710,629,662
NA,NA,NA,1712,1710,1741
NA,NA,NA,1714,1712,1743
NA,NA,NA,1716,1714,1745
NA,NA,NA,1718,1716,1747
NA,NA,NA,1720,1718,1749
NA,NA,NA,1722,1720,1751
NA,NA,NA,1724,1722,1753
NA,NA,NA,1726,1724,1755
NA,NA,NA,1728,1726,1757
NA,NA,NA,1730,1728,1759
NA,NA,NA,1732,1730,1761
NA,NA,NA,1734,1732,1763
NA,NA,NA,1736,1734,1765
NA,NA,NA,1738,1736,1767
NA,NA,NA,1369,1738,1769
NA,NA,NA,1740,661,720
NA,NA,NA,1742,1740,1792
NA,NA,NA,1744,1742,1793
NA,NA,NA,1746,1744,1794
NA,NA,NA,1748,1746,1795
NA,NA,NA,1750,1748,1796
NA,NA,NA,1752,1750,1797
NA,NA,NA,1754,1752,1798
NA,NA,NA,1756,1754,1799
NA,NA,NA,1758,1756,1800
NA,NA,NA,1760,1758,1801
NA,NA,NA,1762,1760,1802
NA,NA,NA,1764,1762,1803
NA,NA,NA,1766,1764,1804
NA,NA,NA,1768,1766,1805
NA,NA,NA,1792,720,736
NA,NA,NA,1793,1792,1807
NA,NA,NA,1794,1793,1808
NA,NA,NA,1795,1794,1809
NA,NA,NA,1796,1795,1810
NA,NA,NA,1797,1796,1811
NA,NA,NA,1798,1797,1812
NA,NA,NA,1799,1798,1813
NA,NA,NA,1800,1799,1814
NA,NA,NA,1801,1800,1815
NA,NA,NA,1802,1801,1816
NA,NA,NA,1803,1802,1817
NA,NA,NA,1804,1803,1818
NA,NA,NA,1805,1804,1819
NA,NA,NA,1806,1805,1820
NA,NA,NA,1823,1806,1821
NA,NA,NA,1824,1791,1769
NA,NA,NA,1825,1768,1806
NA,NA,NA,1807,736,753
NA,NA,NA,1808,1807,1827
NA,NA,NA,1809,1808,1828
NA,NA,NA,1810,1809,1829
NA,NA,NA,1811,1810,1830
NA,NA,NA,1812,1811,1831
NA,NA,NA,1813,1812,1832
NA,NA,NA,1814,1813,1833
NA,NA,NA,1815,1814,1834
NA,NA,NA,1816,1815,1835
NA,NA,NA,1817,1816,1836
NA,NA,NA,1818,1817,1837
NA,NA,NA,1819,1818,1838
NA,NA,NA,1820,1819,1839
NA,NA,NA,1821,1820,1840
NA,NA,NA,1822,1821,1841
NA,NA,NA,1827,753,770
NA,NA,NA,1828,1827,1843
NA,NA,NA,1829,1828,1844
NA,NA,NA,1830,1829,1845
NA,NA,NA,1831,1830,1846
NA,NA,NA,1832,1831,1847
NA,NA,NA,1833,1832,1848
NA,NA,NA,1834,1833,1849
NA,NA,NA,1835,1834,1850
NA,NA,NA,1836,1835,1851
NA,NA,NA,1837,1836,1852
NA,NA,NA,1838,1837,1853
NA,NA,NA,1839,1838,1854
NA,NA,NA,1840,1839,1855
NA,NA,NA,1841,1840,1856
NA,NA,NA,1843,770,786
NA,NA,NA,1844,1843,1858
NA,NA,NA,1845,1844,1859
NA,NA,NA,1846,1845,1860
NA,NA,NA,1847,1846,1861
NA,NA,NA,1848,1847,1862
NA,NA,NA,1849,1848,1863
NA,NA,NA,1850,1849,1864
NA,NA,NA,1851,1850,1865
NA,NA,NA,1852,1851,1866
NA,NA,NA,1853,1852,1867
NA,NA,NA,1854,1853,1868
NA,NA,NA,1855,1854,1869
NA,NA,NA,1856,1855,1870
NA,NA,NA,1857,1856,1871
NA,NA,NA,1416,1857,1872
NA,NA,NA,1874,803,802
NA,NA,NA,1876,1874,1873
NA,NA,NA,1878,1876,1875
NA,NA,NA,1880,1878,1877
NA,NA,NA,1882,1880,1879
NA,NA,NA,1884,1882,1881
NA,NA,NA,1886,1884,1883
NA,NA,NA,1888,1886,1885
NA,NA,NA,1890,1888,1887
NA,NA,NA,1892,1890,1889
NA,NA,NA,1894,1892,1891
NA,NA,NA,1896,1894,1893
NA,NA,NA,1898,1896,1895
NA,NA,NA,1900,1898,1897
NA,NA,NA,1873,802,831
NA,NA,NA,1875,1873,1901
NA,NA,NA,1877,1875,1902
NA,NA,NA,1879,1877,1903
NA,NA,NA,1881,1879,1904
NA,NA,NA,1883,1881,1905
NA,NA,NA,1885,1883,1906
NA,NA,NA,1887,1885,1907
NA,NA,NA,1889,1887,1908
NA,NA,NA,1891,1889,1909
NA,NA,NA,1893,1891,1910
NA,NA,NA,1895,1893,1911
NA,NA,NA,1897,1895,1912
NA,NA,NA,1899,1897,1913
NA,NA,NA,1901,831,845
NA,NA,NA,1902,1901,1914
NA,NA,NA,1903,1902,1915
NA,NA,NA,1904,1903,1916
NA,NA,NA,1905,1904,1917
NA,NA,NA,1906,1905,1918
NA,NA,NA,1907,1906,1919
NA,NA,NA,1908,1907,1920
NA,NA,NA,1909,1908,1921
NA,NA,NA,1910,1909,1922
NA,NA,NA,1911,1910,1923
NA,NA,NA,1871,1896,1898
NA,NA,NA,1870,1894,1896
NA,NA,NA,1869,1892,1894
NA,NA,NA,1868,1890,1892
NA,NA,NA,1867,1888,1890
NA,NA,NA,1866,1886,1888
NA,NA,NA,1865,1884,1886
NA,NA,NA,1864,1882,1884
NA,NA,NA,1863,1880,1882
NA,NA,NA,1862,1878,1880
NA,NA,NA,1861,1876,1878
NA,NA,NA,1860,1874,1876
NA,NA,NA,1857,1925,1842
NA,NA,NA,1857,1414,1412
NA,NA,NA,1521,1513,1512
NA,NA,NA,1652,1647,561
NA,NA,NA,1419,1900,1899
NA,NA,NA,1420,1872,1898
NA,NA,NA,1926,1899,1424
NA,NA,NA,1444,1449,1927
NA,NA,NA,1446,1447,1928
NA,NA,NA,1931,1938,1929
NA,NA,NA,1934,1936,1932
NA,NA,NA,1936,1943,1935
NA,NA,NA,1936,1953,1942
NA,NA,NA,1934,1933,1944
NA,NA,NA,1938,1945,1944
NA,NA,NA,1946,1947,1939
NA,NA,NA,1947,151,1941
NA,NA,NA,1948,132,151
NA,NA,NA,1946,1951,1948
NA,NA,NA,1951,1946,1949
NA,NA,NA,1936,1934,1952
NA,NA,NA,1952,1934,1945
NA,NA,NA,1945,1938,1955
NA,NA,NA,1937,1940,1955
NA,NA,NA,1949,1946,1931
NA,NA,NA,1942,1960,1956
NA,NA,NA,132,1957,1958
NA,NA,NA,1959,1958,1956
NA,NA,NA,1957,1962,1961
NA,NA,NA,1961,1963,1956
NA,NA,NA,1951,1950,1962
NA,NA,NA,1943,1956,1963
NA,NA,NA,1932,1429,1428
NA,NA,NA,1930,1439,1465
NA,NA,NA,1929,1435,1439
NA,NA,NA,1944,1428,1435
NA,NA,NA,1429,1932,1935
NA,NA,NA,1462,1950,1949
NA,NA,NA,1455,1962,1950
NA,NA,NA,1928,1961,1962
NA,NA,NA,1447,1963,1961
NA,NA,NA,1441,1935,1963
NA,NA,NA,1964,1425,1424
NA,NA,NA,1965,1912,1911
NA,NA,NA,1964,1913,1912
NA,NA,NA,1968,1919,1918
NA,NA,NA,1969,1920,1919
NA,NA,NA,1970,1921,1920
NA,NA,NA,1971,1922,1921
NA,NA,NA,1966,1923,1922
NA,NA,NA,1972,899,1967
NA,NA,NA,901,1916,1915
NA,NA,NA,902,1917,1916
NA,NA,NA,1972,1918,1917
NA,NA,NA,1975,2023,1973
NA,NA,NA,905,1975,1974
NA,NA,NA,907,905,1976
NA,NA,NA,909,907,1977
NA,NA,NA,911,909,1978
NA,NA,NA,913,911,1979
NA,NA,NA,939,913,1980
NA,NA,NA,1974,1973,1982
NA,NA,NA,1976,1974,1983
NA,NA,NA,1977,1976,1984
NA,NA,NA,1978,1977,1985
NA,NA,NA,1979,1978,1986
NA,NA,NA,1980,1979,1987
NA,NA,NA,1981,1980,1988
NA,NA,NA,1983,1982,1990
NA,NA,NA,1984,1983,1991
NA,NA,NA,1985,1984,1992
NA,NA,NA,1986,1985,1993
NA,NA,NA,1987,1986,1994
NA,NA,NA,1988,1987,1995
NA,NA,NA,1991,1990,1997
NA,NA,NA,1992,1991,1998
NA,NA,NA,1993,1992,1999
NA,NA,NA,1994,1993,2000
NA,NA,NA,1995,1994,2001
NA,NA,NA,1996,1995,2002
NA,NA,NA,1998,1997,2004
NA,NA,NA,1999,1998,2005
NA,NA,NA,2000,1999,2006
NA,NA,NA,2001,2000,2007
NA,NA,NA,2002,2001,2008
NA,NA,NA,2003,2002,2009
NA,NA,NA,2005,2004,2011
NA,NA,NA,2006,2005,2012
NA,NA,NA,2007,2006,936
NA,NA,NA,2008,2007,935
NA,NA,NA,2009,2008,937
NA,NA,NA,2010,2009,802
NA,NA,NA,2012,2011,2013
NA,NA,NA,936,2012,2014
NA,NA,NA,2014,2013,2015
NA,NA,NA,931,2014,2016
NA,NA,NA,2016,2015,2017
NA,NA,NA,926,2016,2018
NA,NA,NA,2018,2017,2019
NA,NA,NA,921,2018,2020
NA,NA,NA,2020,2019,2021
NA,NA,NA,915,2020,2022
NA,NA,NA,2022,2021,2023
NA,NA,NA,904,2022,1975
NA,NA,NA,1981,1858,786
NA,NA,NA,2024,2028,188
NA,NA,NA,189,192,2025
NA,NA,NA,185,188,2028
NA,NA,NA,185,2029,2030
NA,NA,NA,2028,2051,2031
NA,NA,NA,2029,2031,2032
NA,NA,NA,2036,2025,2027
NA,NA,NA,2026,2025,2038
NA,NA,NA,2039,2366,2024
NA,NA,NA,2041,2366,2039
NA,NA,NA,2040,2039,2038
NA,NA,NA,2042,2038,2036
NA,NA,NA,2043,2036,2035
NA,NA,NA,2044,2035,2037
NA,NA,NA,2045,2037,2034
NA,NA,NA,2034,2033,2048
NA,NA,NA,2033,2032,2049
NA,NA,NA,2031,2050,2049
NA,NA,NA,2051,2052,2050
NA,NA,NA,2046,2047,2055
NA,NA,NA,2047,2048,2056
NA,NA,NA,2048,2049,2057
NA,NA,NA,2050,2058,2057
NA,NA,NA,2052,2059,2058
NA,NA,NA,2024,2067,2059
NA,NA,NA,2044,2045,2060
NA,NA,NA,2062,2043,2044
NA,NA,NA,2063,2042,2043
NA,NA,NA,2063,2065,2040
NA,NA,NA,2064,2041,2040
NA,NA,NA,2066,2024,2041
NA,NA,NA,2068,2089,2064
NA,NA,NA,2068,2065,2063
NA,NA,NA,2069,2063,2062
NA,NA,NA,2070,2062,2061
NA,NA,NA,2071,2061,2060
NA,NA,NA,2072,2060,2054
NA,NA,NA,2054,2053,2074
NA,NA,NA,2069,2070,2076
NA,NA,NA,2076,2070,2071
NA,NA,NA,2078,2071,2072
NA,NA,NA,2079,2072,2073
NA,NA,NA,2080,2073,2074
NA,NA,NA,2074,2055,2082
NA,NA,NA,2055,2056,2083
NA,NA,NA,2056,2057,2084
NA,NA,NA,2058,2086,2084
NA,NA,NA,2059,2087,2085
NA,NA,NA,2067,2088,2087
NA,NA,NA,2075,2101,2088
NA,NA,NA,2090,2101,2075
NA,NA,NA,2092,2093,2089
NA,NA,NA,1169,2078,2079
NA,NA,NA,1011,2079,2080
NA,NA,NA,2094,2080,2081
NA,NA,NA,2095,2081,2082
NA,NA,NA,2088,2100,2098
NA,NA,NA,2101,2102,2099
NA,NA,NA,2090,2126,2102
NA,NA,NA,2103,2126,2090
NA,NA,NA,2104,2103,2091
NA,NA,NA,2105,2077,2076
NA,NA,NA,2106,2092,2077
NA,NA,NA,2107,2108,2093
NA,NA,NA,2083,2084,2109
NA,NA,NA,2084,2086,2110
NA,NA,NA,2086,2085,2111
NA,NA,NA,2085,2087,2112
NA,NA,NA,1034,2094,2095
NA,NA,NA,1035,2113,2114
NA,NA,NA,2095,2116,2114
NA,NA,NA,2095,2096,2115
NA,NA,NA,2096,2097,2117
NA,NA,NA,2097,2109,2118
NA,NA,NA,2109,2110,2119
NA,NA,NA,2110,2111,2121
NA,NA,NA,2112,2122,2121
NA,NA,NA,2098,2123,2122
NA,NA,NA,2100,2124,2123
NA,NA,NA,2099,2125,2124
NA,NA,NA,2102,2226,2125
NA,NA,NA,2127,2226,2102
NA,NA,NA,2128,2127,2126
NA,NA,NA,1036,2114,2129
NA,NA,NA,2114,2116,2130
NA,NA,NA,2116,2115,2131
NA,NA,NA,2115,2117,2132
NA,NA,NA,2117,2118,2133
NA,NA,NA,2118,2119,2134
NA,NA,NA,2119,2120,2135
NA,NA,NA,2138,2146,2136
NA,NA,NA,2140,2144,2142
NA,NA,NA,2144,2147,2143
NA,NA,NA,2145,1051,2129
NA,NA,NA,2129,2130,2146
NA,NA,NA,2146,2130,2131
NA,NA,NA,2131,2132,2140
NA,NA,NA,2132,2133,2144
NA,NA,NA,2133,2134,2147
NA,NA,NA,2134,2135,2148
NA,NA,NA,2151,2154,2149
NA,NA,NA,1171,2150,2152
NA,NA,NA,2150,2149,2153
NA,NA,NA,1170,2137,2151
NA,NA,NA,2137,2136,2154
NA,NA,NA,2136,2141,199
NA,NA,NA,2154,199,201
NA,NA,NA,2149,201,202
NA,NA,NA,1074,2152,2155
NA,NA,NA,2155,2158,1080
NA,NA,NA,1080,2158,2156
NA,NA,NA,2158,2162,2157
NA,NA,NA,2161,2165,2374
NA,NA,NA,2161,2374,2159
NA,NA,NA,193,2160,2162
NA,NA,NA,2160,2159,2157
NA,NA,NA,2161,2160,193
NA,NA,NA,2143,2161,203
NA,NA,NA,2142,2143,196
NA,NA,NA,2141,2142,200
NA,NA,NA,2143,2166,2165
NA,NA,NA,2147,2167,2166
NA,NA,NA,2167,2170,2164
NA,NA,NA,2170,2172,2169
NA,NA,NA,2170,2168,2171
NA,NA,NA,2135,2174,2168
NA,NA,NA,2176,2178,2173
NA,NA,NA,2175,2177,2179
NA,NA,NA,2180,2179,2181
NA,NA,NA,2182,2181,2183
NA,NA,NA,2120,2185,2176
NA,NA,NA,2185,2187,2178
NA,NA,NA,2187,2196,2186
NA,NA,NA,2189,2190,2188
NA,NA,NA,2190,2184,2183
NA,NA,NA,2188,2183,2191
NA,NA,NA,2183,2181,2192
NA,NA,NA,2193,2197,1123
NA,NA,NA,2181,2179,2194
NA,NA,NA,2179,2177,2195
NA,NA,NA,2191,2192,1129
NA,NA,NA,2192,2193,1127
NA,NA,NA,2196,2199,2195
NA,NA,NA,2195,2199,2197
NA,NA,NA,2197,2198,1131
NA,NA,NA,2199,2200,2198
NA,NA,NA,2201,2213,2198
NA,NA,NA,2198,2213,1135
NA,NA,NA,2202,2200,2199
NA,NA,NA,2203,2201,2200
NA,NA,NA,2204,2205,2187
NA,NA,NA,2187,2205,2202
NA,NA,NA,2122,2206,2204
NA,NA,NA,2206,2207,2205
NA,NA,NA,2207,2203,2202
NA,NA,NA,2123,2208,2206
NA,NA,NA,2208,2209,2207
NA,NA,NA,2209,2211,2203
NA,NA,NA,2212,2218,2210
NA,NA,NA,2213,2214,1148
NA,NA,NA,2201,2215,2214
NA,NA,NA,2210,2218,2216
NA,NA,NA,2210,2201,2203
NA,NA,NA,2217,2223,2209
NA,NA,NA,2219,2218,2212
NA,NA,NA,2222,2219,2220
NA,NA,NA,2220,2212,2209
NA,NA,NA,2221,2220,2223
NA,NA,NA,2224,2223,2217
NA,NA,NA,2225,2217,2124
NA,NA,NA,2227,2225,2125
NA,NA,NA,2228,2227,2226
NA,NA,NA,2229,2228,2127
NA,NA,NA,2230,2231,2227
NA,NA,NA,2231,2224,2225
NA,NA,NA,2232,2221,2224
NA,NA,NA,2233,2222,2221
NA,NA,NA,2234,2232,2231
NA,NA,NA,2235,2233,2232
NA,NA,NA,1022,2076,2078
NA,NA,NA,2145,2138,2137
NA,NA,NA,1077,2151,2150
NA,NA,NA,2236,2237,1173
NA,NA,NA,2238,2239,2237
NA,NA,NA,2240,2245,2239
NA,NA,NA,2241,2236,1172
NA,NA,NA,2242,2238,2236
NA,NA,NA,2243,2240,2238
NA,NA,NA,2244,2246,2240
NA,NA,NA,2246,2247,2245
NA,NA,NA,2237,2106,2105
NA,NA,NA,2237,2105,1186
NA,NA,NA,2251,2252,2249
NA,NA,NA,2253,2260,2252
NA,NA,NA,2241,1179,1194
NA,NA,NA,2242,2241,2254
NA,NA,NA,2243,2242,2255
NA,NA,NA,2244,2243,2256
NA,NA,NA,2260,2253,2258
NA,NA,NA,2261,1201,2259
NA,NA,NA,2261,2258,2254
NA,NA,NA,2258,2253,2255
NA,NA,NA,2253,2251,2256
NA,NA,NA,2251,2250,2257
NA,NA,NA,1311,2369,2259
NA,NA,NA,2259,2369,2262
NA,NA,NA,2259,2264,2252
NA,NA,NA,2263,2266,2265
NA,NA,NA,2262,2268,2266
NA,NA,NA,2262,2311,2267
NA,NA,NA,2252,2264,2265
NA,NA,NA,2265,2266,2270
NA,NA,NA,2266,2268,2272
NA,NA,NA,2268,2267,2273
NA,NA,NA,2271,2270,2274
NA,NA,NA,2272,2277,2274
NA,NA,NA,2272,2273,2276
NA,NA,NA,2265,2271,2278
NA,NA,NA,2278,2271,2275
NA,NA,NA,2280,2275,2281
NA,NA,NA,2275,2274,2283
NA,NA,NA,2274,2277,2284
NA,NA,NA,2282,2281,2285
NA,NA,NA,2281,2283,2287
NA,NA,NA,2283,2284,2288
NA,NA,NA,2291,2298,2289
NA,NA,NA,2287,2290,2292
NA,NA,NA,2285,2292,2294
NA,NA,NA,2292,2289,2295
NA,NA,NA,2289,2298,2296
NA,NA,NA,2298,2300,2297
NA,NA,NA,2288,2301,2290
NA,NA,NA,2276,2302,2284
NA,NA,NA,2302,2303,2288
NA,NA,NA,2303,2304,2301
NA,NA,NA,2305,2306,2291
NA,NA,NA,2308,2307,2300
NA,NA,NA,2306,2305,2309
NA,NA,NA,2310,2318,2309
NA,NA,NA,2310,2305,2304
NA,NA,NA,2312,2313,2267
NA,NA,NA,2313,2315,2273
NA,NA,NA,2312,2368,2314
NA,NA,NA,2302,2316,2310
NA,NA,NA,2315,2316,2276
NA,NA,NA,2316,2317,2318
NA,NA,NA,2299,2367,2322
NA,NA,NA,2325,2359,2323
NA,NA,NA,2297,2322,2327
NA,NA,NA,2322,2325,2328
NA,NA,NA,2328,2325,2324
NA,NA,NA,2330,2331,2320
NA,NA,NA,2332,2340,2331
NA,NA,NA,2293,2337,2332
NA,NA,NA,2333,2337,2293
NA,NA,NA,2334,2333,2294
NA,NA,NA,2334,2295,2296
NA,NA,NA,2328,2335,2334
NA,NA,NA,2335,2339,2333
NA,NA,NA,2333,2339,2336
NA,NA,NA,2337,2336,2338
NA,NA,NA,2329,2341,2339
NA,NA,NA,2340,2361,2321
NA,NA,NA,2338,2343,2340
NA,NA,NA,2341,2342,2336
NA,NA,NA,2342,2344,2338
NA,NA,NA,2344,2345,2343
NA,NA,NA,2347,2346,2344
NA,NA,NA,2348,2347,2342
NA,NA,NA,2349,2348,2341
NA,NA,NA,2326,2349,2329
NA,NA,NA,2351,2350,2346
NA,NA,NA,2352,2351,2347
NA,NA,NA,2353,2352,2348
NA,NA,NA,2354,2365,2350
NA,NA,NA,2355,2354,2351
NA,NA,NA,2356,2355,2352
NA,NA,NA,2357,2356,2353
NA,NA,NA,2358,2357,2326
NA,NA,NA,2230,2228,2229
NA,NA,NA,2229,2128,2321
NA,NA,NA,2128,2103,2104
NA,NA,NA,2234,2230,2360
NA,NA,NA,2350,2365,2362
NA,NA,NA,2363,2364,2360
NA,NA,NA,2155,2163,2162
NA,NA,NA,2169,2374,2165
NA,NA,NA,2139,2141,2136
NA,NA,NA,2120,2121,2204
NA,NA,NA,2208,2123,2124
NA,NA,NA,2075,2066,2064
NA,NA,NA,2026,2024,190
NA,NA,NA,192,183,2027
NA,NA,NA,184,2030,2034
NA,NA,NA,2092,2068,2069
NA,NA,NA,2045,2046,2054
NA,NA,NA,2307,2358,2359
NA,NA,NA,2365,2317,2314
NA,NA,NA,2354,2318,2317
NA,NA,NA,2355,2309,2318
NA,NA,NA,2356,2308,2309
NA,NA,NA,2357,2307,2308
NA,NA,NA,2368,2235,2234
NA,NA,NA,490,1148,2214
NA,NA,NA,1593,2233,2235
NA,NA,NA,1591,2222,2233
NA,NA,NA,1589,2219,2222
NA,NA,NA,1587,2216,2219
NA,NA,NA,1585,2215,2216
NA,NA,NA,1582,2214,2215
NA,NA,NA,1601,1599,2262
NA,NA,NA,1581,2369,1311
NA,NA,NA,1489,1396,1377
NA,NA,NA,1377,1396,1393
NA,NA,NA,938,803,1996
NA,NA,NA,2325,2322,2367
NA,NA,NA,1927,1449,1451
NA,NA,NA,2370,1451,1453
NA,NA,NA,897,2375,896
NA,NA,NA,2375,2376,2377
NA,NA,NA,2377,2378,895
NA,NA,NA,2378,899,894
NA,NA,NA,1969,2379,1970
NA,NA,NA,2376,2379,1969
NA,NA,NA,2378,2377,1969
NA,NA,NA,899,2378,1968
NA,NA,NA,2380,2381,2382
NA,NA,NA,2377,896,2375
NA,NA,NA,895,896,2377
NA,NA,NA,894,895,2378
NA,NA,NA,1969,2377,2376
NA,NA,NA,1969,1968,2378
NA,NA,NA,1968,1967,899
NA,NA,NA,2383,0,8
NA,NA,NA,0,2383,2384
NA,NA,NA,297,296,2385
NA,NA,NA,306,2384,2383
NA,NA,NA,306,2383,10
NA,NA,NA,308,10,9
NA,NA,NA,309,9,15
NA,NA,NA,296,311,39
NA,NA,NA,2385,32,11
NA,NA,NA,32,2385,39
NA,NA,NA,36,39,311
NA,NA,NA,306,297,2384
NA,NA,NA,2386,40,48
NA,NA,NA,40,2386,2387
NA,NA,NA,873,872,2388
NA,NA,NA,882,2387,2386
NA,NA,NA,882,2386,50
NA,NA,NA,884,50,49
NA,NA,NA,885,49,55
NA,NA,NA,872,887,79
NA,NA,NA,2388,72,51
NA,NA,NA,72,2388,79
NA,NA,NA,76,79,887
NA,NA,NA,882,873,2387
NA,NA,NA,81,2389,2390
NA,NA,NA,2389,81,106
NA,NA,NA,1389,1400,2391
NA,NA,NA,2389,2391,1399
NA,NA,NA,91,1388,150
NA,NA,NA,2389,1399,1401
NA,NA,NA,2390,1401,1402
NA,NA,NA,89,1402,1388
NA,NA,NA,1407,1389,2392
NA,NA,NA,109,2392,2391
NA,NA,NA,2392,109,112
NA,NA,NA,2393,110,1406
NA,NA,NA,2391,1400,1399
NA,NA,NA,116,2394,2395
NA,NA,NA,2394,116,141
NA,NA,NA,1942,1953,2396
NA,NA,NA,2394,2396,1952
NA,NA,NA,126,1941,151
NA,NA,NA,2394,1952,1954
NA,NA,NA,2395,1954,1955
NA,NA,NA,124,1955,1941
NA,NA,NA,1960,1942,2397
NA,NA,NA,144,2397,2396
NA,NA,NA,2397,144,147
NA,NA,NA,2398,145,1959
NA,NA,NA,2396,1953,1952
NA,NA,NA,8,10,2383
NA,NA,NA,2384,11,0
NA,NA,NA,2385,2384,297
NA,NA,NA,10,308,306
NA,NA,NA,9,309,308
NA,NA,NA,15,14,309
NA,NA,NA,39,2385,296
NA,NA,NA,11,2384,2385
NA,NA,NA,39,35,32
NA,NA,NA,311,37,36
NA,NA,NA,48,50,2386
NA,NA,NA,2387,51,40
NA,NA,NA,2388,2387,873
NA,NA,NA,50,884,882
NA,NA,NA,49,885,884
NA,NA,NA,55,54,885
NA,NA,NA,79,2388,872
NA,NA,NA,51,2387,2388
NA,NA,NA,79,75,72
NA,NA,NA,887,77,76
NA,NA,NA,2390,82,81
NA,NA,NA,82,2390,89
NA,NA,NA,106,2391,2389
NA,NA,NA,2391,2392,1389
NA,NA,NA,1401,2390,2389
NA,NA,NA,1402,89,2390
NA,NA,NA,1388,91,89
NA,NA,NA,2392,2393,1407
NA,NA,NA,2391,106,109
NA,NA,NA,112,2393,2392
NA,NA,NA,97,1406,110
NA,NA,NA,1406,1407,2393
NA,NA,NA,110,2393,112
NA,NA,NA,2395,117,116
NA,NA,NA,117,2395,124
NA,NA,NA,141,2396,2394
NA,NA,NA,2396,2397,1942
NA,NA,NA,1954,2395,2394
NA,NA,NA,1955,124,2395
NA,NA,NA,1941,126,124
NA,NA,NA,2397,2398,1960
NA,NA,NA,2396,141,144
NA,NA,NA,147,2398,2397
NA,NA,NA,132,1959,145
NA,NA,NA,1959,1960,2398
NA,NA,NA,145,2398,147
NA,NA,NA,2399,2400,1083
NA,NA,NA,2400,2401,1084
NA,NA,NA,2401,2402,1086
NA,NA,NA,1086,2402,2403
NA,NA,NA,1087,2403,2404
NA,NA,NA,1097,1096,2404
NA,NA,NA,1097,2404,1098
NA,NA,NA,2403,1107,1105
NA,NA,NA,2402,1109,1107
NA,NA,NA,1117,1109,2402
NA,NA,NA,2399,2189,2400
NA,NA,NA,2189,1117,2401
NA,NA,NA,2404,1105,1101
NA,NA,NA,2405,2399,1082
NA,NA,NA,2406,2405,2156
NA,NA,NA,2407,2406,2157
NA,NA,NA,2407,2159,2374
NA,NA,NA,193,2163,194
NA,NA,NA,194,2155,202
NA,NA,NA,2408,2374,2169
NA,NA,NA,2409,2169,2172
NA,NA,NA,2171,2409,2172
NA,NA,NA,2182,2408,2409
NA,NA,NA,2184,2407,2408
NA,NA,NA,2184,2190,2406
NA,NA,NA,2405,2189,2399
NA,NA,NA,2190,2189,2405
NA,NA,NA,194,2163,2155
NA,NA,NA,2180,2409,2171
NA,NA,NA,1083,1082,2399
NA,NA,NA,1084,1083,2400
NA,NA,NA,1086,1084,2401
NA,NA,NA,2403,1087,1086
NA,NA,NA,2404,1096,1087
NA,NA,NA,1105,2404,2403
NA,NA,NA,1107,2403,2402
NA,NA,NA,2402,2401,1117
NA,NA,NA,2401,2400,2189
NA,NA,NA,1101,1098,2404
NA,NA,NA,1082,2156,2405
NA,NA,NA,2156,2157,2406
NA,NA,NA,2157,2159,2407
NA,NA,NA,2374,2408,2407
NA,NA,NA,2169,2409,2408
NA,NA,NA,2409,2180,2182
NA,NA,NA,2408,2182,2184
NA,NA,NA,2406,2407,2184
NA,NA,NA,2405,2406,2190
NA,NA,NA,2171,2175,2180
NA,NA,NA,2373,1184,2410
NA,NA,NA,1184,1185,2411
NA,NA,NA,1185,1187,2412
NA,NA,NA,2412,1187,1025
NA,NA,NA,2413,1025,1220
NA,NA,NA,2414,2415,1220
NA,NA,NA,2414,1211,1189
NA,NA,NA,2416,2417,1189
NA,NA,NA,2418,1197,2373
NA,NA,NA,1197,2418,2416
NA,NA,NA,2246,2244,2419
NA,NA,NA,2247,2246,2420
NA,NA,NA,2248,2247,2421
NA,NA,NA,2248,2422,2423
NA,NA,NA,2107,2423,2424
NA,NA,NA,2424,2425,2269
NA,NA,NA,2269,2425,2426
NA,NA,NA,2426,2427,2250
NA,NA,NA,2257,2428,2419
NA,NA,NA,2428,2257,2250
NA,NA,NA,2410,2429,2373
NA,NA,NA,2411,2410,1184
NA,NA,NA,2412,2411,1185
NA,NA,NA,1025,2413,2412
NA,NA,NA,1220,2415,2413
NA,NA,NA,1220,1211,2414
NA,NA,NA,1189,2417,2414
NA,NA,NA,1189,1188,2416
NA,NA,NA,2373,2429,2418
NA,NA,NA,2416,1188,1197
NA,NA,NA,2419,2420,2246
NA,NA,NA,2420,2421,2247
NA,NA,NA,2421,2422,2248
NA,NA,NA,2423,2107,2248
NA,NA,NA,2424,2279,2107
NA,NA,NA,2269,2279,2424
NA,NA,NA,2426,2249,2269
NA,NA,NA,2250,2249,2426
NA,NA,NA,2419,2244,2257
NA,NA,NA,2250,2427,2428
NA,NA,NA,2381,2430,2431
NA,NA,NA,2381,2431,2382
NA,NA,NA,2382,2431,2380
NA,NA,NA,2380,2431,2432
NA,NA,NA,2380,2432,2433
NA,NA,NA,2433,2432,2434
NA,NA,NA,2433,2434,2435
NA,NA,NA,2435,2434,2436
NA,NA,NA,2435,2436,2437
NA,NA,NA,2437,2436,2438
NA,NA,NA,2438,2436,2439
NA,NA,NA,2438,2439,2440
NA,NA,NA,2430,2441,2431
NA,NA,NA,2441,2442,2431
NA,NA,NA,2431,2442,2432
NA,NA,NA,2442,2443,2432
NA,NA,NA,2443,2444,2432
NA,NA,NA,2432,2444,2434
NA,NA,NA,2444,2445,2434
NA,NA,NA,2434,2445,2436
NA,NA,NA,2445,2446,2436
NA,NA,NA,2436,2446,2439
NA,NA,NA,2446,2447,2439
NA,NA,NA,2441,2448,2449
NA,NA,NA,2441,2449,2442
NA,NA,NA,2442,2449,2450
NA,NA,NA,2442,2450,2443
NA,NA,NA,2443,2450,2451
NA,NA,NA,2443,2451,2444
NA,NA,NA,2444,2451,2452
NA,NA,NA,2444,2452,2445
NA,NA,NA,2445,2452,2453
NA,NA,NA,2445,2453,2446
NA,NA,NA,2446,2453,2454
NA,NA,NA,2446,2454,2447
NA,NA,NA,2448,2455,2456
NA,NA,NA,2448,2456,2449
NA,NA,NA,2449,2456,2457
NA,NA,NA,2449,2457,2450
NA,NA,NA,2450,2457,2451
NA,NA,NA,2451,2457,2458
NA,NA,NA,2451,2458,2452
NA,NA,NA,2452,2458,2459
NA,NA,NA,2452,2459,2453
NA,NA,NA,2453,2459,2460
NA,NA,NA,2453,2460,2454
NA,NA,NA,2455,2461,2462
NA,NA,NA,2455,2462,2456
NA,NA,NA,2456,2462,2463
NA,NA,NA,2456,2463,2457
NA,NA,NA,2457,2463,2464
NA,NA,NA,2458,2464,2457
NA,NA,NA,2458,2464,2465
NA,NA,NA,2458,2465,2459
NA,NA,NA,2459,2465,2466
NA,NA,NA,2459,2466,2460
NA,NA,NA,2461,2467,2468
NA,NA,NA,2461,2468,2462
NA,NA,NA,2462,2468,2469
NA,NA,NA,2462,2469,2463
NA,NA,NA,2463,2469,2470
NA,NA,NA,2463,2470,2464
NA,NA,NA,2464,2470,2471
NA,NA,NA,2464,2471,2465
NA,NA,NA,2465,2471,2472
NA,NA,NA,2465,2472,2466
NA,NA,NA,2467,2473,2474
NA,NA,NA,2467,2474,2468
NA,NA,NA,2468,2474,2475
NA,NA,NA,2468,2475,2469
NA,NA,NA,2469,2475,2476
NA,NA,NA,2469,2476,2470
NA,NA,NA,2470,2476,2477
NA,NA,NA,2470,2477,2471
NA,NA,NA,2471,2477,2478
NA,NA,NA,2471,2478,2472
NA,NA,NA,2473,2479,2480
NA,NA,NA,2473,2480,2474
NA,NA,NA,2474,2480,2481
NA,NA,NA,2474,2481,2475
NA,NA,NA,2475,2481,2482
NA,NA,NA,2475,2482,2476
NA,NA,NA,2476,2482,2483
NA,NA,NA,2476,2483,2477
NA,NA,NA,2477,2483,2484
NA,NA,NA,2477,2484,2478
NA,NA,NA,2479,2485,2486
NA,NA,NA,2479,2486,2480
NA,NA,NA,2480,2486,2487
NA,NA,NA,2480,2487,2481
NA,NA,NA,2481,2487,2488
NA,NA,NA,2481,2488,2482
NA,NA,NA,2482,2488,2489
NA,NA,NA,2482,2489,2483
NA,NA,NA,2483,2489,2490
NA,NA,NA,2483,2490,2484
NA,NA,NA,2485,2491,2486
NA,NA,NA,2491,2492,2486
NA,NA,NA,2486,2492,2487
NA,NA,NA,2492,2493,2487
NA,NA,NA,2493,2494,2487
NA,NA,NA,2487,2494,2488
NA,NA,NA,2494,2495,2488
NA,NA,NA,2488,2495,2489
NA,NA,NA,2495,2496,2489
NA,NA,NA,2489,2496,2490
NA,NA,NA,2496,2497,2490
NA,NA,NA,1997,2430,2381
NA,NA,NA,1982,2467,2461
NA,NA,NA,1982,2461,2455
NA,NA,NA,1982,2455,2448
NA,NA,NA,1990,1982,2448
NA,NA,NA,1990,2448,2441
NA,NA,NA,1997,2441,2430
NA,NA,NA,1973,2023,2467
NA,NA,NA,2015,2491,2485
NA,NA,NA,2017,2015,2485
NA,NA,NA,2019,2017,2485
NA,NA,NA,2019,2485,2479
NA,NA,NA,2019,2479,2473
NA,NA,NA,2021,2019,2473
NA,NA,NA,2023,2473,2467
NA,NA,NA,2491,2015,2013
NA,NA,NA,2004,2381,2498
NA,NA,NA,2498,2491,2011
NA,NA,NA,2381,2380,2433
NA,NA,NA,2493,2492,2437
NA,NA,NA,2498,2433,2435
NA,NA,NA,2498,2435,2437
NA,NA,NA,2491,2498,2437
NA,NA,NA,2492,2491,2437
NA,NA,NA,2495,2439,2496
NA,NA,NA,2495,2494,2493
NA,NA,NA,2493,2437,2438
NA,NA,NA,2493,2438,2440
NA,NA,NA,2439,2440,2493
NA,NA,NA,2495,2493,2439
NA,NA,NA,2439,2447,2496
NA,NA,NA,2447,2454,2496
NA,NA,NA,2466,2478,2460
NA,NA,NA,2497,2496,2454
NA,NA,NA,2497,2454,2460
NA,NA,NA,2490,2497,2460
NA,NA,NA,2484,2490,2460
NA,NA,NA,2478,2484,2460
NA,NA,NA,2478,2472,2466
NA,NA,NA,1997,1990,2441
NA,NA,NA,1982,1973,2467
NA,NA,NA,2023,2021,2473
NA,NA,NA,2498,2011,2004
NA,NA,NA,2381,2004,1997
NA,NA,NA,2429,2410,2499
NA,NA,NA,2410,2411,2500
NA,NA,NA,2501,2499,2502
NA,NA,NA,2499,2500,2503
NA,NA,NA,2504,2502,2505
NA,NA,NA,2503,2506,2505
NA,NA,NA,2507,2505,2508
NA,NA,NA,2506,2509,2508
NA,NA,NA,2411,2412,2510
NA,NA,NA,2500,2510,2511
NA,NA,NA,2503,2511,2512
NA,NA,NA,2506,2512,2513
NA,NA,NA,2509,2513,2514
NA,NA,NA,2508,2509,2515
NA,NA,NA,2516,2508,2517
NA,NA,NA,2515,2514,2518
NA,NA,NA,2517,2515,2519
NA,NA,NA,2520,2517,2521
NA,NA,NA,2519,2518,2522
NA,NA,NA,2521,2519,2523
NA,NA,NA,2521,2524,2525
NA,NA,NA,2526,2525,2524
NA,NA,NA,2526,2524,2523
NA,NA,NA,2526,2523,2522
NA,NA,NA,2510,2412,2413
NA,NA,NA,2510,2527,2528
NA,NA,NA,2413,2415,2529
NA,NA,NA,2527,2529,2530
NA,NA,NA,2511,2528,2531
NA,NA,NA,2528,2530,2532
NA,NA,NA,2512,2531,2533
NA,NA,NA,2531,2532,2534
NA,NA,NA,2513,2533,2535
NA,NA,NA,2533,2534,2536
NA,NA,NA,2535,2536,2537
NA,NA,NA,2538,2537,2539
NA,NA,NA,2514,2535,2538
NA,NA,NA,2518,2538,2540
NA,NA,NA,2536,2534,2541
NA,NA,NA,2542,2543,2537
NA,NA,NA,2539,2537,2543
NA,NA,NA,2532,2544,2541
NA,NA,NA,2532,2530,2545
NA,NA,NA,2530,2529,2546
NA,NA,NA,2529,2415,2414
NA,NA,NA,2547,2526,2539
NA,NA,NA,2548,2549,2547
NA,NA,NA,2550,2548,2543
NA,NA,NA,2551,2550,2542
NA,NA,NA,2552,2551,2541
NA,NA,NA,2553,2552,2544
NA,NA,NA,2554,2553,2545
NA,NA,NA,2547,2549,2526
NA,NA,NA,2554,2546,2414
NA,NA,NA,2555,2556,2552
NA,NA,NA,2556,2557,2551
NA,NA,NA,2557,2558,2550
NA,NA,NA,2559,2555,2553
NA,NA,NA,2559,2554,2417
NA,NA,NA,2560,2548,2550
NA,NA,NA,2560,2561,2549
NA,NA,NA,2562,2563,2516
NA,NA,NA,2563,2564,2507
NA,NA,NA,2564,2565,2504
NA,NA,NA,2429,2501,2566
NA,NA,NA,2501,2504,2565
NA,NA,NA,2418,2566,2559
NA,NA,NA,2566,2565,2555
NA,NA,NA,2565,2564,2556
NA,NA,NA,2564,2563,2557
NA,NA,NA,2567,2568,2562
NA,NA,NA,2569,2568,2567
NA,NA,NA,2569,2525,2526
NA,NA,NA,2562,2558,2557
NA,NA,NA,2568,2560,2558
NA,NA,NA,2560,2568,2569
NA,NA,NA,2561,2569,2526
NA,NA,NA,2549,2561,2526
NA,NA,NA,2522,2540,2526
NA,NA,NA,2540,2539,2526
NA,NA,NA,2420,2419,2570
NA,NA,NA,2421,2420,2571
NA,NA,NA,2571,2570,2572
NA,NA,NA,2573,2571,2574
NA,NA,NA,2574,2572,2575
NA,NA,NA,2576,2577,2574
NA,NA,NA,2578,2575,2579
NA,NA,NA,2580,2576,2578
NA,NA,NA,2422,2421,2573
NA,NA,NA,2581,2573,2577
NA,NA,NA,2582,2577,2576
NA,NA,NA,2583,2576,2580
NA,NA,NA,2584,2580,2585
NA,NA,NA,2580,2586,2587
NA,NA,NA,2586,2579,2588
NA,NA,NA,2589,2585,2590
NA,NA,NA,2585,2587,2591
NA,NA,NA,2587,2588,2592
NA,NA,NA,2593,2590,2594
NA,NA,NA,2590,2591,2595
NA,NA,NA,2595,2591,2592
NA,NA,NA,2595,2596,2597
NA,NA,NA,2594,2595,2597
NA,NA,NA,2598,2594,2597
NA,NA,NA,2422,2581,2599
NA,NA,NA,2599,2581,2582
NA,NA,NA,2424,2423,2599
NA,NA,NA,2600,2599,2601
NA,NA,NA,2601,2582,2583
NA,NA,NA,2602,2601,2603
NA,NA,NA,2603,2583,2584
NA,NA,NA,2604,2603,2605
NA,NA,NA,2605,2584,2589
NA,NA,NA,2606,2605,2607
NA,NA,NA,2608,2607,2609
NA,NA,NA,2610,2609,2611
NA,NA,NA,2607,2589,2593
NA,NA,NA,2609,2593,2598
NA,NA,NA,2606,2608,2612
NA,NA,NA,2613,2612,2608
NA,NA,NA,2610,2614,2615
NA,NA,NA,2616,2604,2606
NA,NA,NA,2602,2604,2616
NA,NA,NA,2600,2602,2617
NA,NA,NA,2424,2600,2618
NA,NA,NA,2614,2597,2615
NA,NA,NA,2619,2620,2613
NA,NA,NA,2620,2621,2612
NA,NA,NA,2621,2622,2623
NA,NA,NA,2622,2624,2616
NA,NA,NA,2624,2625,2617
NA,NA,NA,2625,2626,2618
NA,NA,NA,2597,2619,2615
NA,NA,NA,2618,2626,2426
NA,NA,NA,2627,2628,2625
NA,NA,NA,2629,2627,2624
NA,NA,NA,2630,2629,2622
NA,NA,NA,2628,2631,2626
NA,NA,NA,2626,2631,2427
NA,NA,NA,2620,2632,2630
NA,NA,NA,2633,2632,2620
NA,NA,NA,2634,2635,2588
NA,NA,NA,2636,2634,2579
NA,NA,NA,2637,2636,2575
NA,NA,NA,2570,2419,2428
NA,NA,NA,2572,2570,2638
NA,NA,NA,2638,2428,2427
NA,NA,NA,2637,2638,2631
NA,NA,NA,2636,2637,2628
NA,NA,NA,2634,2636,2627
NA,NA,NA,2639,2592,2588
NA,NA,NA,2639,2640,2596
NA,NA,NA,2597,2596,2640
NA,NA,NA,2630,2635,2634
NA,NA,NA,2632,2639,2635
NA,NA,NA,2639,2632,2633
NA,NA,NA,2597,2640,2633
NA,NA,NA,2597,2633,2619
NA,NA,NA,2597,2611,2598
NA,NA,NA,2597,2614,2611
NA,NA,NA,2499,2501,2429
NA,NA,NA,2500,2499,2410
NA,NA,NA,2502,2504,2501
NA,NA,NA,2503,2502,2499
NA,NA,NA,2505,2507,2504
NA,NA,NA,2505,2502,2503
NA,NA,NA,2508,2516,2507
NA,NA,NA,2508,2505,2506
NA,NA,NA,2510,2500,2411
NA,NA,NA,2511,2503,2500
NA,NA,NA,2512,2506,2503
NA,NA,NA,2513,2509,2506
NA,NA,NA,2514,2515,2509
NA,NA,NA,2515,2517,2508
NA,NA,NA,2517,2520,2516
NA,NA,NA,2518,2519,2515
NA,NA,NA,2519,2521,2517
NA,NA,NA,2521,2567,2520
NA,NA,NA,2522,2523,2519
NA,NA,NA,2523,2524,2521
NA,NA,NA,2525,2567,2521
NA,NA,NA,2413,2527,2510
NA,NA,NA,2528,2511,2510
NA,NA,NA,2529,2527,2413
NA,NA,NA,2530,2528,2527
NA,NA,NA,2531,2512,2511
NA,NA,NA,2532,2531,2528
NA,NA,NA,2533,2513,2512
NA,NA,NA,2534,2533,2531
NA,NA,NA,2535,2514,2513
NA,NA,NA,2536,2535,2533
NA,NA,NA,2537,2538,2535
NA,NA,NA,2539,2540,2538
NA,NA,NA,2538,2518,2514
NA,NA,NA,2540,2522,2518
NA,NA,NA,2541,2542,2536
NA,NA,NA,2537,2536,2542
NA,NA,NA,2543,2547,2539
NA,NA,NA,2541,2534,2532
NA,NA,NA,2545,2544,2532
NA,NA,NA,2546,2545,2530
NA,NA,NA,2414,2546,2529
NA,NA,NA,2547,2543,2548
NA,NA,NA,2543,2542,2550
NA,NA,NA,2542,2541,2551
NA,NA,NA,2541,2544,2552
NA,NA,NA,2544,2545,2553
NA,NA,NA,2545,2546,2554
NA,NA,NA,2414,2417,2554
NA,NA,NA,2552,2553,2555
NA,NA,NA,2551,2552,2556
NA,NA,NA,2550,2551,2557
NA,NA,NA,2553,2554,2559
NA,NA,NA,2417,2416,2559
NA,NA,NA,2550,2558,2560
NA,NA,NA,2549,2548,2560
NA,NA,NA,2516,2520,2562
NA,NA,NA,2507,2516,2563
NA,NA,NA,2504,2507,2564
NA,NA,NA,2566,2418,2429
NA,NA,NA,2565,2566,2501
NA,NA,NA,2559,2416,2418
NA,NA,NA,2555,2559,2566
NA,NA,NA,2556,2555,2565
NA,NA,NA,2557,2556,2564
NA,NA,NA,2562,2520,2567
NA,NA,NA,2567,2525,2569
NA,NA,NA,2557,2563,2562
NA,NA,NA,2558,2562,2568
NA,NA,NA,2569,2561,2560
NA,NA,NA,2570,2571,2420
NA,NA,NA,2571,2573,2421
NA,NA,NA,2572,2574,2571
NA,NA,NA,2574,2577,2573
NA,NA,NA,2575,2578,2574
NA,NA,NA,2574,2578,2576
NA,NA,NA,2579,2586,2578
NA,NA,NA,2578,2586,2580
NA,NA,NA,2573,2581,2422
NA,NA,NA,2577,2582,2581
NA,NA,NA,2576,2583,2582
NA,NA,NA,2580,2584,2583
NA,NA,NA,2585,2589,2584
NA,NA,NA,2587,2585,2580
NA,NA,NA,2588,2587,2586
NA,NA,NA,2590,2593,2589
NA,NA,NA,2591,2590,2585
NA,NA,NA,2592,2591,2587
NA,NA,NA,2594,2598,2593
NA,NA,NA,2595,2594,2590
NA,NA,NA,2592,2596,2595
NA,NA,NA,2599,2423,2422
NA,NA,NA,2582,2601,2599
NA,NA,NA,2599,2600,2424
NA,NA,NA,2601,2602,2600
NA,NA,NA,2583,2603,2601
NA,NA,NA,2603,2604,2602
NA,NA,NA,2584,2605,2603
NA,NA,NA,2605,2606,2604
NA,NA,NA,2589,2607,2605
NA,NA,NA,2607,2608,2606
NA,NA,NA,2609,2610,2608
NA,NA,NA,2611,2614,2610
NA,NA,NA,2593,2609,2607
NA,NA,NA,2598,2611,2609
NA,NA,NA,2612,2623,2606
NA,NA,NA,2608,2610,2613
NA,NA,NA,2615,2613,2610
NA,NA,NA,2606,2623,2616
NA,NA,NA,2616,2617,2602
NA,NA,NA,2617,2618,2600
NA,NA,NA,2618,2425,2424
NA,NA,NA,2613,2615,2619
NA,NA,NA,2612,2613,2620
NA,NA,NA,2623,2612,2621
NA,NA,NA,2616,2623,2622
NA,NA,NA,2617,2616,2624
NA,NA,NA,2618,2617,2625
NA,NA,NA,2426,2425,2618
NA,NA,NA,2625,2624,2627
NA,NA,NA,2624,2622,2629
NA,NA,NA,2622,2621,2630
NA,NA,NA,2626,2625,2628
NA,NA,NA,2427,2426,2626
NA,NA,NA,2630,2621,2620
NA,NA,NA,2620,2619,2633
NA,NA,NA,2588,2579,2634
NA,NA,NA,2579,2575,2636
NA,NA,NA,2575,2572,2637
NA,NA,NA,2428,2638,2570
NA,NA,NA,2638,2637,2572
NA,NA,NA,2427,2631,2638
NA,NA,NA,2631,2628,2637
NA,NA,NA,2628,2627,2636
NA,NA,NA,2627,2629,2634
NA,NA,NA,2588,2635,2639
NA,NA,NA,2596,2592,2639
NA,NA,NA,2634,2629,2630
NA,NA,NA,2635,2630,2632
NA,NA,NA,2633,2640,2639
NA,NA,NA,2641,2642,2643
NA,NA,NA,2643,2642,2644
NA,NA,NA,2641,2645,2646
NA,NA,NA,2641,270,2647
NA,NA,NA,2647,270,2648
NA,NA,NA,273,278,272
NA,NA,NA,278,2649,2648
NA,NA,NA,2645,2641,2647
NA,NA,NA,2645,2649,2650
NA,NA,NA,2650,2651,2646
NA,NA,NA,2646,2644,2642
NA,NA,NA,2644,2646,2652
NA,NA,NA,2653,2654,2651
NA,NA,NA,2653,2651,2655
NA,NA,NA,2649,278,2656
NA,NA,NA,283,2657,2656
NA,NA,NA,2657,2658,2655
NA,NA,NA,2658,2659,2653
NA,NA,NA,2645,2647,2649
NA,NA,NA,2648,2649,2647
NA,NA,NA,360,2660,2371
NA,NA,NA,2661,734,689
NA,NA,NA,2662,2663,689
NA,NA,NA,2664,2662,689
NA,NA,NA,2665,854,855
NA,NA,NA,2650,2649,2655
NA,NA,NA,2652,2646,2651
NA,NA,NA,2666,359,355
NA,NA,NA,2660,360,359
NA,NA,NA,2667,2668,1791
NA,NA,NA,2669,2667,2670
NA,NA,NA,2671,2668,2667
NA,NA,NA,2672,1791,2668
NA,NA,NA,2673,1791,2672
NA,NA,NA,1369,1791,2673
NA,NA,NA,2674,1369,2675
NA,NA,NA,1370,1369,2674
NA,NA,NA,1370,2674,2676
NA,NA,NA,2675,2676,2674
NA,NA,NA,2677,2676,2675
NA,NA,NA,2672,2668,2671
NA,NA,NA,2677,2671,2678
NA,NA,NA,2678,2679,2680
NA,NA,NA,2667,2669,2678
NA,NA,NA,2681,2678,2669
NA,NA,NA,2679,2682,2683
NA,NA,NA,2684,2679,2683
NA,NA,NA,2676,2677,2684
NA,NA,NA,1371,2676,2685
NA,NA,NA,2657,283,1374
NA,NA,NA,2658,2657,2685
NA,NA,NA,2659,2658,2684
NA,NA,NA,2677,2672,2671
NA,NA,NA,2672,2677,2673
NA,NA,NA,2679,2680,2677
NA,NA,NA,2678,2681,2682
NA,NA,NA,2643,270,2641
NA,NA,NA,2646,2642,2641
NA,NA,NA,272,2648,270
NA,NA,NA,2648,272,278
NA,NA,NA,2650,2646,2645
NA,NA,NA,2656,2655,2649
NA,NA,NA,279,2656,278
NA,NA,NA,2656,279,283
NA,NA,NA,2655,2656,2657
NA,NA,NA,2653,2655,2658
NA,NA,NA,734,2661,751
NA,NA,NA,270,2664,689
NA,NA,NA,689,2663,2661
NA,NA,NA,854,2665,898
NA,NA,NA,2655,2651,2650
NA,NA,NA,2651,2654,2652
NA,NA,NA,355,859,2666
NA,NA,NA,359,2666,2660
NA,NA,NA,1791,2670,2667
NA,NA,NA,2667,2678,2671
NA,NA,NA,2673,2675,1369
NA,NA,NA,1370,2676,1371
NA,NA,NA,2675,2673,2677
NA,NA,NA,2678,2680,2677
NA,NA,NA,2684,2685,2676
NA,NA,NA,2685,1374,1371
NA,NA,NA,1374,2685,2657
NA,NA,NA,2685,2684,2658
NA,NA,NA,2684,2683,2659
NA,NA,NA,2679,2684,2677
NA,NA,NA,2682,2679,2678
NA,NA,NA,751,2686,768
NA,NA,NA,2686,751,2687
NA,NA,NA,2687,751,2661
NA,NA,NA,856,768,2688
NA,NA,NA,768,2686,2689
NA,NA,NA,2686,2687,2690
NA,NA,NA,2687,2661,2691
NA,NA,NA,2691,2661,2692
NA,NA,NA,2692,2661,2663
NA,NA,NA,856,2688,2693
NA,NA,NA,2688,2689,2694
NA,NA,NA,2689,2690,2695
NA,NA,NA,2690,2696,2697
NA,NA,NA,2696,2690,2691
NA,NA,NA,2691,2692,2698
NA,NA,NA,2692,2663,2699
NA,NA,NA,2699,2663,2700
NA,NA,NA,2700,2701,2699
NA,NA,NA,2699,2701,2698
NA,NA,NA,2701,2697,2696
NA,NA,NA,2663,2662,2644
NA,NA,NA,2662,2664,2643
NA,NA,NA,2643,2664,270
NA,NA,NA,2652,2702,2644
NA,NA,NA,2644,2702,2700
NA,NA,NA,2700,2702,2703
NA,NA,NA,2703,2702,2704
NA,NA,NA,2702,2652,2654
NA,NA,NA,2703,2704,2705
NA,NA,NA,2704,2654,2653
NA,NA,NA,2659,2706,2705
NA,NA,NA,2706,2707,2708
NA,NA,NA,2709,2703,2705
NA,NA,NA,2703,2709,2697
NA,NA,NA,2697,2701,2703
NA,NA,NA,2703,2701,2700
NA,NA,NA,857,2693,2710
NA,NA,NA,2693,2694,2711
NA,NA,NA,2694,2695,2712
NA,NA,NA,2695,2697,2709
NA,NA,NA,2708,2713,2714
NA,NA,NA,2715,2712,2709
NA,NA,NA,2715,2716,2711
NA,NA,NA,2716,2717,2718
NA,NA,NA,2719,2720,2711
NA,NA,NA,2720,2721,2710
NA,NA,NA,2721,2722,317
NA,NA,NA,2722,2723,859
NA,NA,NA,2724,2725,2726
NA,NA,NA,2725,2727,2728
NA,NA,NA,2727,2729,2730
NA,NA,NA,2729,2719,2718
NA,NA,NA,2717,2731,2730
NA,NA,NA,2731,2732,2733
NA,NA,NA,2732,2734,2707
NA,NA,NA,2734,2713,2708
NA,NA,NA,2735,2736,2371
NA,NA,NA,2736,2737,330
NA,NA,NA,2737,2738,2739
NA,NA,NA,2738,2740,2741
NA,NA,NA,2740,2742,2743
NA,NA,NA,2742,2744,2745
NA,NA,NA,2744,2746,2747
NA,NA,NA,2746,2748,2749
NA,NA,NA,2748,2375,897
NA,NA,NA,2375,2748,2750
NA,NA,NA,2746,2744,2751
NA,NA,NA,2744,2742,2752
NA,NA,NA,2742,2740,2753
NA,NA,NA,2740,2738,2754
NA,NA,NA,2738,2737,2755
NA,NA,NA,2737,2736,2756
NA,NA,NA,2736,2735,2757
NA,NA,NA,2735,2758,2726
NA,NA,NA,2748,2746,2759
NA,NA,NA,897,898,2749
NA,NA,NA,898,2760,2747
NA,NA,NA,2760,2761,2745
NA,NA,NA,2761,2762,2743
NA,NA,NA,2762,2763,2741
NA,NA,NA,2763,331,2739
NA,NA,NA,2739,331,330
NA,NA,NA,2665,855,2764
NA,NA,NA,898,2665,2760
NA,NA,NA,2665,2764,2761
NA,NA,NA,2764,2765,2762
NA,NA,NA,2765,2372,2763
NA,NA,NA,2763,2372,331
NA,NA,NA,2372,2765,893
NA,NA,NA,2765,2764,855
NA,NA,NA,2766,2767,2714
NA,NA,NA,2767,2768,2715
NA,NA,NA,2768,2769,2716
NA,NA,NA,2769,2770,2717
NA,NA,NA,2770,2771,2731
NA,NA,NA,2771,2772,2732
NA,NA,NA,2772,2773,2734
NA,NA,NA,2773,2766,2713
NA,NA,NA,2774,2775,2720
NA,NA,NA,2775,2776,2721
NA,NA,NA,2776,2777,2722
NA,NA,NA,2777,2778,2723
NA,NA,NA,2778,2779,2724
NA,NA,NA,2779,2780,2725
NA,NA,NA,2780,2781,2727
NA,NA,NA,2781,2782,2729
NA,NA,NA,2782,2774,2719
NA,NA,NA,2783,2784,2773
NA,NA,NA,2785,2783,2772
NA,NA,NA,2786,2785,2771
NA,NA,NA,2787,2786,2770
NA,NA,NA,2788,2787,2769
NA,NA,NA,2789,2788,2768
NA,NA,NA,2790,2789,2767
NA,NA,NA,2784,2790,2766
NA,NA,NA,2791,2792,2774
NA,NA,NA,2793,2791,2782
NA,NA,NA,2794,2793,2781
NA,NA,NA,2795,2794,2780
NA,NA,NA,2796,2795,2779
NA,NA,NA,2797,2796,2778
NA,NA,NA,2798,2797,2777
NA,NA,NA,2799,2798,2776
NA,NA,NA,2792,2799,2775
NA,NA,NA,2789,2790,2800
NA,NA,NA,2788,2789,2800
NA,NA,NA,2787,2788,2800
NA,NA,NA,2786,2787,2800
NA,NA,NA,2785,2786,2800
NA,NA,NA,2783,2785,2800
NA,NA,NA,2784,2783,2800
NA,NA,NA,2790,2784,2800
NA,NA,NA,2799,2792,2801
NA,NA,NA,2798,2799,2801
NA,NA,NA,2797,2798,2801
NA,NA,NA,2796,2797,2801
NA,NA,NA,2795,2796,2801
NA,NA,NA,2794,2795,2801
NA,NA,NA,2793,2794,2801
NA,NA,NA,2791,2793,2801
NA,NA,NA,2792,2791,2801
NA,NA,NA,2666,2758,2735
NA,NA,NA,2666,2724,2758
NA,NA,NA,859,2723,2724
NA,NA,NA,1842,2802,1822
NA,NA,NA,2803,1822,2802
NA,NA,NA,1823,1822,2803
NA,NA,NA,2804,1842,1925
NA,NA,NA,2802,1842,2804
NA,NA,NA,2803,2802,2805
NA,NA,NA,1823,2803,2806
NA,NA,NA,2807,1823,2808
NA,NA,NA,1825,1823,2807
NA,NA,NA,2804,1925,1412
NA,NA,NA,2805,2804,2809
NA,NA,NA,2806,2805,2810
NA,NA,NA,2811,2806,2812
NA,NA,NA,2808,2806,2811
NA,NA,NA,2807,2808,2811
NA,NA,NA,1825,2807,2813
NA,NA,NA,2814,1825,2815
NA,NA,NA,2815,2816,2814
NA,NA,NA,2813,2816,2815
NA,NA,NA,2817,2816,2813
NA,NA,NA,1826,1825,2814
NA,NA,NA,1824,1826,2669
NA,NA,NA,1791,1824,2670
NA,NA,NA,2669,2818,2681
NA,NA,NA,2814,2818,2669
NA,NA,NA,2819,2818,2814
NA,NA,NA,2820,2818,2819
NA,NA,NA,2681,2818,2820
NA,NA,NA,2821,2820,2819
NA,NA,NA,2682,2820,2821
NA,NA,NA,2706,2659,2683
NA,NA,NA,2707,2706,2821
NA,NA,NA,2819,2822,2823
NA,NA,NA,2817,2822,2819
NA,NA,NA,2819,2816,2817
NA,NA,NA,2814,2816,2819
NA,NA,NA,2809,1412,1411
NA,NA,NA,2810,2809,2824
NA,NA,NA,2812,2810,2825
NA,NA,NA,2817,2812,2826
NA,NA,NA,2827,2823,2822
NA,NA,NA,2826,2828,2829
NA,NA,NA,2830,2828,2826
NA,NA,NA,2831,2830,2825
NA,NA,NA,2832,2833,2834
NA,NA,NA,2835,2832,2825
NA,NA,NA,2836,2835,2824
NA,NA,NA,2837,2836,1411
NA,NA,NA,2838,2839,2840
NA,NA,NA,2841,2838,2726
NA,NA,NA,2842,2841,2728
NA,NA,NA,2833,2842,2730
NA,NA,NA,2843,2831,2834
NA,NA,NA,2844,2843,2730
NA,NA,NA,2845,2844,2733
NA,NA,NA,2827,2845,2707
NA,NA,NA,2846,2847,1458
NA,NA,NA,2848,2846,1457
NA,NA,NA,2849,2848,1426
NA,NA,NA,2850,2849,2851
NA,NA,NA,2852,2850,2853
NA,NA,NA,2854,2852,2855
NA,NA,NA,2856,2854,2857
NA,NA,NA,2858,2856,2859
NA,NA,NA,2379,2858,2860
NA,NA,NA,2858,2379,2376
NA,NA,NA,2854,2856,2759
NA,NA,NA,2852,2854,2751
NA,NA,NA,2850,2852,2752
NA,NA,NA,2849,2850,2753
NA,NA,NA,2848,2849,2754
NA,NA,NA,2846,2848,2755
NA,NA,NA,2847,2846,2756
NA,NA,NA,2840,2847,2757
NA,NA,NA,2856,2858,2750
NA,NA,NA,2860,1971,1970
NA,NA,NA,2861,1971,2860
NA,NA,NA,2862,2861,2859
NA,NA,NA,2863,2862,2857
NA,NA,NA,2864,2863,2855
NA,NA,NA,1425,2864,2853
NA,NA,NA,1426,1425,2851
NA,NA,NA,2865,1924,1966
NA,NA,NA,2861,1966,1971
NA,NA,NA,2865,1966,2861
NA,NA,NA,2866,2865,2862
NA,NA,NA,1964,2866,2863
NA,NA,NA,1425,1964,2864
NA,NA,NA,1965,2866,1964
NA,NA,NA,2865,2866,1965
NA,NA,NA,2867,2868,2827
NA,NA,NA,2869,2867,2829
NA,NA,NA,2870,2869,2828
NA,NA,NA,2871,2870,2830
NA,NA,NA,2872,2871,2831
NA,NA,NA,2873,2872,2843
NA,NA,NA,2874,2873,2844
NA,NA,NA,2868,2874,2845
NA,NA,NA,2875,2876,2833
NA,NA,NA,2877,2875,2832
NA,NA,NA,2878,2877,2835
NA,NA,NA,2879,2878,2836
NA,NA,NA,2880,2879,2837
NA,NA,NA,2881,2880,2839
NA,NA,NA,2882,2881,2838
NA,NA,NA,2883,2882,2841
NA,NA,NA,2876,2883,2842
NA,NA,NA,2884,2885,2873
NA,NA,NA,2885,2886,2872
NA,NA,NA,2886,2887,2871
NA,NA,NA,2887,2888,2870
NA,NA,NA,2888,2889,2869
NA,NA,NA,2889,2890,2867
NA,NA,NA,2890,2891,2868
NA,NA,NA,2891,2884,2874
NA,NA,NA,2892,2893,2883
NA,NA,NA,2893,2894,2882
NA,NA,NA,2894,2895,2881
NA,NA,NA,2895,2896,2880
NA,NA,NA,2896,2897,2879
NA,NA,NA,2897,2898,2878
NA,NA,NA,2898,2899,2877
NA,NA,NA,2899,2900,2875
NA,NA,NA,2900,2892,2876
NA,NA,NA,2901,2891,2890
NA,NA,NA,2901,2890,2889
NA,NA,NA,2901,2889,2888
NA,NA,NA,2901,2888,2887
NA,NA,NA,2901,2887,2886
NA,NA,NA,2901,2886,2885
NA,NA,NA,2901,2885,2884
NA,NA,NA,2901,2884,2891
NA,NA,NA,2902,2892,2900
NA,NA,NA,2902,2900,2899
NA,NA,NA,2902,2899,2898
NA,NA,NA,2902,2898,2897
NA,NA,NA,2902,2897,2896
NA,NA,NA,2902,2896,2895
NA,NA,NA,2902,2895,2894
NA,NA,NA,2902,2894,2893
NA,NA,NA,2902,2893,2892
NA,NA,NA,2840,2370,1458
NA,NA,NA,2840,2839,2370
NA,NA,NA,2837,1927,2370
NA,NA,NA,2689,2688,768
NA,NA,NA,2690,2689,2686
NA,NA,NA,2691,2690,2687
NA,NA,NA,2693,857,856
NA,NA,NA,2694,2693,2688
NA,NA,NA,2695,2694,2689
NA,NA,NA,2697,2695,2690
NA,NA,NA,2698,2696,2691
NA,NA,NA,2699,2698,2692
NA,NA,NA,2696,2698,2701
NA,NA,NA,2644,2700,2663
NA,NA,NA,2643,2644,2662
NA,NA,NA,2654,2704,2702
NA,NA,NA,2653,2705,2704
NA,NA,NA,2705,2653,2659
NA,NA,NA,2708,2705,2706
NA,NA,NA,2705,2708,2709
NA,NA,NA,2710,317,857
NA,NA,NA,2711,2710,2693
NA,NA,NA,2712,2711,2694
NA,NA,NA,2709,2712,2695
NA,NA,NA,2714,2709,2708
NA,NA,NA,2709,2714,2715
NA,NA,NA,2711,2712,2715
NA,NA,NA,2718,2711,2716
NA,NA,NA,2711,2718,2719
NA,NA,NA,2710,2711,2720
NA,NA,NA,317,2710,2721
NA,NA,NA,859,317,2722
NA,NA,NA,2726,2758,2724
NA,NA,NA,2728,2726,2725
NA,NA,NA,2730,2728,2727
NA,NA,NA,2718,2730,2729
NA,NA,NA,2730,2718,2717
NA,NA,NA,2733,2730,2731
NA,NA,NA,2707,2733,2732
NA,NA,NA,2708,2707,2734
NA,NA,NA,2371,2660,2735
NA,NA,NA,330,2371,2736
NA,NA,NA,2739,330,2737
NA,NA,NA,2741,2739,2738
NA,NA,NA,2743,2741,2740
NA,NA,NA,2745,2743,2742
NA,NA,NA,2747,2745,2744
NA,NA,NA,2749,2747,2746
NA,NA,NA,897,2749,2748
NA,NA,NA,2750,2376,2375
NA,NA,NA,2751,2759,2746
NA,NA,NA,2752,2751,2744
NA,NA,NA,2753,2752,2742
NA,NA,NA,2754,2753,2740
NA,NA,NA,2755,2754,2738
NA,NA,NA,2756,2755,2737
NA,NA,NA,2757,2756,2736
NA,NA,NA,2726,2757,2735
NA,NA,NA,2759,2750,2748
NA,NA,NA,2747,2749,898
NA,NA,NA,2745,2747,2760
NA,NA,NA,2743,2745,2761
NA,NA,NA,2741,2743,2762
NA,NA,NA,2739,2741,2763
NA,NA,NA,2761,2760,2665
NA,NA,NA,2762,2761,2764
NA,NA,NA,2763,2762,2765
NA,NA,NA,855,893,2765
NA,NA,NA,2714,2713,2766
NA,NA,NA,2715,2714,2767
NA,NA,NA,2716,2715,2768
NA,NA,NA,2717,2716,2769
NA,NA,NA,2731,2717,2770
NA,NA,NA,2732,2731,2771
NA,NA,NA,2734,2732,2772
NA,NA,NA,2713,2734,2773
NA,NA,NA,2720,2719,2774
NA,NA,NA,2721,2720,2775
NA,NA,NA,2722,2721,2776
NA,NA,NA,2723,2722,2777
NA,NA,NA,2724,2723,2778
NA,NA,NA,2725,2724,2779
NA,NA,NA,2727,2725,2780
NA,NA,NA,2729,2727,2781
NA,NA,NA,2719,2729,2782
NA,NA,NA,2773,2772,2783
NA,NA,NA,2772,2771,2785
NA,NA,NA,2771,2770,2786
NA,NA,NA,2770,2769,2787
NA,NA,NA,2769,2768,2788
NA,NA,NA,2768,2767,2789
NA,NA,NA,2767,2766,2790
NA,NA,NA,2766,2773,2784
NA,NA,NA,2774,2782,2791
NA,NA,NA,2782,2781,2793
NA,NA,NA,2781,2780,2794
NA,NA,NA,2780,2779,2795
NA,NA,NA,2779,2778,2796
NA,NA,NA,2778,2777,2797
NA,NA,NA,2777,2776,2798
NA,NA,NA,2776,2775,2799
NA,NA,NA,2775,2774,2792
NA,NA,NA,2735,2660,2666
NA,NA,NA,2724,2666,859
NA,NA,NA,2804,2805,2802
NA,NA,NA,2805,2806,2803
NA,NA,NA,2806,2808,1823
NA,NA,NA,1412,2809,2804
NA,NA,NA,2809,2810,2805
NA,NA,NA,2810,2812,2806
NA,NA,NA,2812,2817,2811
NA,NA,NA,2811,2813,2807
NA,NA,NA,2813,2815,1825
NA,NA,NA,2813,2811,2817
NA,NA,NA,2814,2669,1826
NA,NA,NA,2669,2670,1824
NA,NA,NA,2820,2682,2681
NA,NA,NA,2821,2683,2682
NA,NA,NA,2683,2821,2706
NA,NA,NA,2821,2823,2707
NA,NA,NA,2823,2821,2819
NA,NA,NA,1411,2824,2809
NA,NA,NA,2824,2825,2810
NA,NA,NA,2825,2826,2812
NA,NA,NA,2826,2822,2817
NA,NA,NA,2822,2829,2827
NA,NA,NA,2829,2822,2826
NA,NA,NA,2826,2825,2830
NA,NA,NA,2825,2834,2831
NA,NA,NA,2834,2825,2832
NA,NA,NA,2825,2824,2835
NA,NA,NA,2824,1411,2836
NA,NA,NA,1411,1927,2837
NA,NA,NA,2840,2726,2838
NA,NA,NA,2726,2728,2841
NA,NA,NA,2728,2730,2842
NA,NA,NA,2730,2834,2833
NA,NA,NA,2834,2730,2843
NA,NA,NA,2730,2733,2844
NA,NA,NA,2733,2707,2845
NA,NA,NA,2707,2823,2827
NA,NA,NA,1458,1457,2846
NA,NA,NA,1457,1426,2848
NA,NA,NA,1426,2851,2849
NA,NA,NA,2851,2853,2850
NA,NA,NA,2853,2855,2852
NA,NA,NA,2855,2857,2854
NA,NA,NA,2857,2859,2856
NA,NA,NA,2859,2860,2858
NA,NA,NA,2860,1970,2379
NA,NA,NA,2376,2750,2858
NA,NA,NA,2759,2751,2854
NA,NA,NA,2751,2752,2852
NA,NA,NA,2752,2753,2850
NA,NA,NA,2753,2754,2849
NA,NA,NA,2754,2755,2848
NA,NA,NA,2755,2756,2846
NA,NA,NA,2756,2757,2847
NA,NA,NA,2757,2726,2840
NA,NA,NA,2750,2759,2856
NA,NA,NA,2860,2859,2861
NA,NA,NA,2859,2857,2862
NA,NA,NA,2857,2855,2863
NA,NA,NA,2855,2853,2864
NA,NA,NA,2853,2851,1425
NA,NA,NA,2861,2862,2865
NA,NA,NA,2862,2863,2866
NA,NA,NA,2863,2864,1964
NA,NA,NA,1965,1924,2865
NA,NA,NA,2827,2829,2867
NA,NA,NA,2829,2828,2869
NA,NA,NA,2828,2830,2870
NA,NA,NA,2830,2831,2871
NA,NA,NA,2831,2843,2872
NA,NA,NA,2843,2844,2873
NA,NA,NA,2844,2845,2874
NA,NA,NA,2845,2827,2868
NA,NA,NA,2833,2832,2875
NA,NA,NA,2832,2835,2877
NA,NA,NA,2835,2836,2878
NA,NA,NA,2836,2837,2879
NA,NA,NA,2837,2839,2880
NA,NA,NA,2839,2838,2881
NA,NA,NA,2838,2841,2882
NA,NA,NA,2841,2842,2883
NA,NA,NA,2842,2833,2876
NA,NA,NA,2873,2874,2884
NA,NA,NA,2872,2873,2885
NA,NA,NA,2871,2872,2886
NA,NA,NA,2870,2871,2887
NA,NA,NA,2869,2870,2888
NA,NA,NA,2867,2869,2889
NA,NA,NA,2868,2867,2890
NA,NA,NA,2874,2868,2891
NA,NA,NA,2883,2876,2892
NA,NA,NA,2882,2883,2893
NA,NA,NA,2881,2882,2894
NA,NA,NA,2880,2881,2895
NA,NA,NA,2879,2880,2896
NA,NA,NA,2878,2879,2897
NA,NA,NA,2877,2878,2898
NA,NA,NA,2875,2877,2899
NA,NA,NA,2876,2875,2900
NA,NA,NA,1458,2847,2840
NA,NA,NA,2370,2839,2837
NA,NA,NA,2491,2013,2011
NA,NA,NA,2498,2381,2433
